Token ID,Decoded String
821,彩
867,天
1216,彩票
1404,中
1487,天天
1616,的
1640,大
1728,时
1829,网
1889, 天天
1995,人
2178,在
2233,发
2292,日
2314,中彩票
2432,一
2783, 天天中彩票
2810,年
2855,线
2865,大发
2875,乐
2957,分
3017,京
3044,开
3052,国
3178,车
3181,月
3221,是
3236,三
3355,视
3377,快
3428,不
3447,在线
3507,久
3511,赛
3569,时时
3585,平
3606, 大发
3614,争
3634,时时彩
3666,有
3683,霸
3711,新
3715,频
3729,娱
3735,台
3738,争霸
3752,赛车
3771,下
3775,彩神
3812,看
3845,娱乐
3847,彩神争霸
3923,官
3927,么
3939,视频
3985,奖
4079,码
4087,本
4230, 彩神争霸
4286,上
4302,费
4311,平台
4328,品
4373,免
4377,合
4447,吗
4472,色
4531,了
4696,机
4749,免费
4757, 北京赛车
4785,号
4810,片
4855,注
4883,文
4893,亚
4941,产
4948,重
4949,快三
4974,官网
4983,方
5055,期
5084,美
5145,全
5182,信
5235,影
5243,区
5247,站
5312,公
5314,金
5319,高
5543,成
5550,洲
5557,地
5584,理
5615,用
5625,法
5633,怎
5704,无
5719,电
5779,观
5803,图
5820,小
5832,址
5883,生
5884,和
5889,最
5903,现
5920,个
5924,以
6016,会
6034,手
6095,件
6099,怎么
6141,载
6150,家
6183,多
6190,市
6199,亚洲
6209,为
6224,名
6239,作
6292,庆
6305,久久
6306,能
6390,出
6414,爱
6420,版
6426,观看
6436,精
6440,代
6550,行
6554,重庆
6571,可
6573,户
6670,提
6682,计
6727,来
6749,女
6753,元
6767,游
6769,网站
6786, 大发快三
6848,万
6876,县
6912,自
6930,下载
6946,到
6972,开奖
7074,体
7089,分彩
7115,主
7135,数
7137,册
7147,重庆时时彩
7278,情
7407,子
7436,利
7508, 天天彩票
7522,我
7525,注册
7566,五
7615,道
7624,第
7660,前
7697,经
7724,要
7727,果
7779,二
7837,安
7901,资
7910,真
7977,博
8061,好
8085,精品
8089,天天中彩票
8130,入
8134,字
8137,者
8164,播
8176,特
8300,点
8327,这
8336,划
8360,性
8377,动
8477,心
8530,商
8546,业
8549,间
8572,部
8590,学
8593,级
8656, 重庆时时彩
8669,事
8745,定
8756,里
8816,买
8903,后
8913,度
8915,关
8936,水
8939,球
8943,工
8994,网址
9016,计划
9026,玩
9034,通
9038,清
9048,日本
9070,无码
9074,投
9116,加
9128,香
9185,规
9214,源
9226,钱
9227,内
9268,料
9314,表
9326,国产
9353,对
9430,系
9432,报
9455,直
9476,登
9486,软
9499,在线观看
9511,实
9533,戏
9544,综
9553,同
9631,说
9761,结
9783,送
9785,服
9838,位
9878,接
9884,城
9898,综合
9915,什
9938,放
9941,软件
9959,爱彩票
9961,面
10013,于
10034,技
10040,场
10052,管
10092,拍
10121,开户
10130,交
10132,司
10150,游戏
10154,回
10170,正
10177,录
10204,总
10205,無
10267,夜
10270,如
10324,论
10348,式
10394,请
10441,目
10485,手机
10487,选
10544,客
10555,什么
10567,解
10584,页
10598,院
10603,港
10667,中文
10679,老
10708,之
10727,外
10759,门
10779,过
10886,牌
10941,今
10946,进
10991,所
11001,取
11029,单
11071,明
11131,群
11167,等
11301, 天天爱彩票
11320,据
11325,记
11327,他
11329,长
11343,力
11365,六
11372,中国
11389,少
11415,化
11445,次
11455,四
11520, 大
11541,时间
11556,热
11571,提现
11581,高清
11614,男
11681,福
11701,更
11712,民
11739,务
11755,与
11761,当
11767,山
11778,哪
11789,得
11800,推
11826,比
11868,神
11877,马
11928,类
11941,走
11949,相
11968,保
11970,青
11971, 国
11987,意
12017,官方
12057,联
12131,時
12133,此
12135,代理
12154,卡
12165,地址
12231,先
12232,都
12242,示
12284, 大发时时彩
12291,值
12330,社
12340,建
12343,赢
12370,你
12389,集
12400,际
12426,海
12491,米
12513,也
12555, 亚洲
12582,幕
12630,口
12654,讯
12779,就
12784,运
12815,息
12816,育
12908,公司
12923,最新
12927,制
13028,其
13051,势
13235,招
13278,人人
13323,量
13328,样
13357,双
13366,任
13381,物
13451,查
13465,州
13474,円
13492,北京赛车
13511,格
13598,超
13612,做
13619,中奖
13706,程
13758,欧美
13781,西
13801,设
13811,何
13817,去
13837,器
13908,专
13920,话
13932,们
13945,题
13946,展
14009,布
14021,星
14085,原
14106,韩
14264,购
14274,無し
14276,知
14290, 新
14293,速
14332,亿
14334,十
14351,东
14369,员
14385,路
14425,播放
14427,字幕
14430,律
14480,宝
14495,黄
14552,科
14588,链
14609,南
14612,没
14676, 国产
14723,活
14731,被
14734, 彩票
14757,百
14775,开号
14784,结果
14830,电影
14889,国际
14919,阳
14929,巧
14951,型
15038,将
15044,教
15074,偷
15082,音
15120,中文字幕
15154, 微信
15159,使
15166,属
15287,近
15306,限
15319,分分彩
15346,改
15355,领
15414,江
15425,首
15439, 北京
15479,而
15484,流
15485,政
15486,技巧
15530,标
15540,评
15546,起
15552,打
15578,可以
15616,参
15621,章
15627,蕉
15664,导
15702,微信
15717,至
15766,的吗
15866,世
15878,局
15881,王
15889,预
15892,大发快三
16077,容
16100,链接
16125,然
16152,测
16157, 彩
16162,走势
16181,返
16185,登录
16207,空
16237,堂
16244,草
16253,毛
16271,龙
16304, 一
16339,求
16385,置
16392,未
16407,思
16491,红
16527,足
16561,碰
16571,苏
16599,黑
16646,靠
16654,肖
16669,还
16675,组
16727,算
16728,编
16731,棋牌
16735,证
16742,问
16774,共
16828,华
16912,天天彩票
16916,统
16982,传
16987,間
17009,赌
17047,招商
17053, 金
17071,婷
17076,投注
17091,价
17137,装
17153,感
17219,店
17297,立
17298,奇
17301, 分
17374,着
17381,友
17390,坛
17404,输
17428, 日本
17442,周
17510,午
17581,易
17592,持
17643,啪
17650, 手
17655,称
17661,娱乐平台
17705,从
17728,在线视频
17731,常
17740, 时时彩
17745,香蕉
17755,众
17760,白
17765,言
17780,优
17807,告
17876, 香
17990,九
17992,强
18031,電
18056,考
18120,信息
18165,想
18185,荐
18201,包
18208,吧
18217,认
18238,骗
18243,及
18257,基
18311,破
18337,假
18378,体育
18384,斯
18423,太
18439,影院
18478,完
18488,因
18492,介
18502,狠
18527,日韩
18533,云
18537,消
18543,福利
18544,创
18564,妻
18578,头
18593,除
18601,已
18621,身
18623,论坛
18637,只
18647,例
18671, 欧美
18672,克
18730,很
18770,干
18818,那
18831,应
18871,名無し
18893,功
18895,收
18904,支
18953,权
19002,责
19020,北
19047,列
19056,界
19061, 香港
19075,读
19103, 江
19110,妇
19151,五月
19185,资料
19213, 手机
19316,但
19340,北京
19356,助
19366,战
19370,合法
19391,免费视频
19393,一区
19394,案
19398,态
19426,处
19434,指
19491,办
19493,率
19558,图片
19563,受
19565,存
19591, 天
19606,申
19671,票
19703,闻
19707,伊
19709, 在
19756,成人
19823,主管
19838,房
19850,彩票平台
19867,条
19896,推荐
19903,开奖结果
19935,连
19987,经彩票
20009,数据
20026,两
20033,种
20042,转
20121,书
20144,锋
20164,服务
20166,付
20244,光
20328,增
20337,款
20391,询
20430,师
20463,花
20489,修
20500,备
20549,团
20556,邀
20557,省
20571,整
20579,准
20585,免费观看
20652,不卡
20658,大奖
20659,广
20715,始
20805,必
20827,五分彩
20835,股
20861,联系
20955,供
20957,本道
20989,调
21008,并
21028,赚
21039,给
21075,企
21098,风
21112,党
21150,毛片
21168,些
21196,木
21233,大全
21250,二区
21280,火
21288,是真
21297,操
21304,邀请
21305,则
21308,向
21345, 博
21366,竞
21478,充
21485,尔
21497,士
21522,委
21525,虎
21526,电话
21610,航
21622,失
21623,军
21644,试
21659,术
21683,历
21727,多少
21771, 久久
21842,河
21871, 第
21906,六合
21935,环
22007,营
22032,项
22047,验
22053, 名
22120,极
22121,资源
22126,画
22249,治
22274,复
22282,几
22307,达
22322,德
22325,由
22326,别
22369,工作
22376,库
22385,买彩票
22419,医
22462, 江苏
22481,另
22592,直播
22594,林
22599,直属
22609,激
22640, 彩经彩票
22744,财
22754,彩票天天
22801,模
22810,邀请码
22911,具
22912,一个
22921,土
22926,記
23004,反
23022,节
23052,深
23058, 分分彩
23072,牛
23123, 乐
23128,排
23183,需
23188,客服
23202,娱乐彩票
23203,偷拍
23204,安全
23232,又
23237,網
23245,八
23246,配
23249,规律
23300,倍
23316,天堂
23342,发布
23358,走势图
23485,香港
23573,先锋
23613,新闻
23696,姐
23714,没有
23724,早
23730,或
23742,追
23762,密
23784,業
23820,愛
23851,皇
23868,場
23894,圖
23918,端
23920,方法
23932,非
23952,陆
23985,造
24009,動
24076,每
24135,影视
24153,研
24199,在线播放
24221,演
24265,预测
24309,英
24314,带
24322,杀
24332,作者
24367,用户
24368,自拍
24371,引
24383,一区二区
24455,丰
24458,在哪
24475,飞
24514,盘
24533, 网
24558,售
24608,如何
24790,击
24809,我们
24813,语
24952,步
24964,盛
24976,室
25000,報
25025,质
25105,管理
25137,稳
25161, 人
25200,盟
25205, 腾讯
25256,川
25266,爽
25273,笑
25330,形
25336,校
25355,照
25362,钟
25381,队
25387,男人
25400,史
25403, 中
25407,确
25503,住
25547,国家
25557,拉
25590, 万
25594,相关
25599,富
25620,伦
25631,内容
25635,乱
25669,施
25676,各
25717,気
25718, 色
25734,效
25742,不能
25829,破解
25830,变
25831, 澳门
25844,旗
25847,中心
25885,私
25894,三级
25896,气
25906,超碰
25911,宁
25923,是什么
25959,总代
25971,食
25985,正规
26012,一本道
26015,脑
26019,使用
26056, 快
26064, 天天中彩票怎么
26076, 全
26103,销
26139,名無しさん
26180,份
26196,获
26198,商品
26261,熟
26328, 福
26341,否
26423,冠
26447,官方网站
26452,议
26461,首页
26474,文章
26525,大小
26527,尼
26596,伊人
26618,手机版
26622,谱
26652,评论
26655,记录
26666,玩法
26719,初
26722,辑
26796, 高
26810,张
26812,义
26818,一级
26844,像
26850,让
26853,停
26876,索
26889,更新
26926,春
26968,声
26989, 江苏快
26999,析
27006,象
27041,见
27089,影音
27117,彩票娱乐
27177,以上
27185,載
27219,止
27316,号码
27318,职
27379,後
27381,络
27392,大香蕉
27440,，在
27441,說
27447,账
27478,盈
27505,央
27526,约
27561,段
27572,見
27609,”的
27633,漫
27651,您
27689,显
27701,享
27709,古
27743, 小
27782,，不
27795, 日
27826,成功
27891,简
27978,表示
28080,银
28194,青青
28203,才
28217,产品
28271,靠谱
28273, 美
28327,税
28329,升
28356,沙
28407,发展
28415,禁
28428,世界
28513, 东
28535,鱼
28555,胆
28607, 成
28630,维
28648,人民
28752,挂
28760,习
28796,双色
28808,便
28813,板
28816,分钟
28820,夜夜
28839,即
28848,野
28887,错
28901,败
28917,问题
28927,足球
28980,七
29012,满
29020,再
29098,死
29125,控
29177,汽
29205,六合彩
29226,潮
29279,序
29305,命
29384,双色球
29436,企业
29480,稿
29506,护
29606,额
29628,客户
29648,电脑
29663,己
29669,续
29725,详
29745,状
29755,记者
29802,防
29809,济
29848,右
29852,博彩
29885,安装
29896,刷
29948,線
29952,開
29963,该
30006,材
30035,第一
30045, 亚
30086,越
30129,申博
30151,岁
30208,究
30315, 天天中彩票是
30357,番
30360,永
30393,晚
30395,視
30406,断
30451,儿
30476,查询
30520,左
30555, 上
30559,总代理
30572,千
30575, 安
30577,骗局
30611,望
30626,三区
30634, 在线
30656,奇米
30676, 老
30718,典
30734,喜
30743,监
30814,田
30847,彩金
30853,兴
30880,丁
30896,欢
30944, 我
30946,纪
30972,休
31015,亿元
31034, 大发彩票
31044,志
31050,夫
31151,换
31160,話
31168,妹
31183,巴
31190,退
31269,公式
31385,视频在线观看
31388,凰
31392,互
31399,素
31402,時間
31422,兑
31576,人妻
31601,村
31635,透
31688,罗
31689,合法吗
31693,登陆
31746,婷婷
31770,略
31780,美女
31803,落
31825,来源
31888,根
31892,词
31904,病
31912,康
31936,系统
31965,留
31984,石
32023, 天天中彩票中
32063,述
32064,影音先锋
32100,斗
32104,充值
32162, 百
32163,决
32176,苹果
32180,把
32185,哥
32211,举
32412, 免费
32444,写
32475,油
32479,生活
32508,個
32590,射
32604,電影
32648,分析
32666,她
32694,采
32767,文件
32831,编辑
32860,构
32890,欧
32925,核
32952,府
32956,答
32961, 华
32962,低
32982,余
32997,网络
33015,底
33027,域
33031,旅
33058,不了
33059,按
33064,，这
33078,體
33161,失败
33281,県
33301,边
33316, 有
33325,候
33350,待
33375,波
33403,普
33427,阅读
33434,绍
33448,责任
33471,國
33528,書
33554,味
33583,四色
33601,智
33617,秒
33705,返回
33706,细
33729,警
33731,马会
33773,彩票网
33778,費
33862,益
33895,彩平台
33943,找
33962,発
34025,险
34034,漏
34081, 玩
34091,现场
34109,，但
34118, 菲
34139, 女
34144,餐
34155,套
34158,座
34212,約
34213,藏
34225,谁
34256,狠狠
34293,赚钱
34342,一区二区三区
34401,兰
34403,迎
34432,搜
34436,健
34453,機
34462,務
34498,剧
34507, 名無し
34520,微
34535,均
34564,景
34601,是真的吗
34610,随
34611,真人
34633,怎么样
34651,棋牌游戏
34699,万元
34713,印
34755, 天天中彩票提现
34800,派
34807,猜
34834,所有
34838,美国
34842, 青
34844,精品视频
34921,切
34974,签
34975,境
35015,良
35026, 三
35050,设置
35075,在线看
35081,長
35142,差
35150,午夜
35182,狗
35215, 怎
35266,惠
35336,围
35405,不是
35415,单双
35425,半
35435,况
35469,夏
35501,有限
35508,专区
35529,東
35532,农
35580,故
35586,可靠
35620, 大发快
35646,策
35676,乳
35691,范
35705, 微信天天中彩票
35755,艇
35756,类型
35782,网页
35816,価
35897,同时
35922,阿
35939,車
35940,予
35967,活动
35987,市场
35992,修改
36020,攻
36043,客户端
36077,卓
36090,依
36102, 广
36133,李
36159,胜
36170,彩娱乐
36173,吉
36205,角
36238,宾
36264,方式
36295,违
36302,問
36308,的天天中彩票
36328,菜
36362,另类
36484,生肖
36517,加盟
36535,技术
36573,今年
36620,秘
36644,酒
36661,目前
36722,降
36788,更多
36798,社会
36812,，一
36824,厅
36912, 如
36969,历史
37006,积
37043,和值
37045,致
37075,园
37090, 中国
37140,頻
37146,湖
37147,识
37225,许
37227,这里
37231,季
37234,大片
37245,彩彩票
37298,汽车
37333,血
37339, 永
37374,媒
37385, 平
37430,小说
37447,经济
37449,篮
37480, 和
37528, 神
37568,温
37574,鲁
37599,武
37600,母
37657,听
37660,連
37662,計
37676,赌博
37690,摸
37715,威
37792, 来
37796,中央
37819,交流
37887,介绍
37915,雷
37981, 七
37985,哈
38048,実
38079,导航
38118,显示
38130,难
38175,参考
38180,名称
38211,篇
38298,撸
38332,日期
38374,衣
38400, 好
38552,图库
38594,小說
38618,截
38730,集团
38804,跑
38811,提供
38840,谢
38873,居
38903,负
38950,融
39014,全国
39050,综合网
39070,进行
39089, 极
39134,中特
39175,族
39189,删除
39202,有限公司
39213,娱乐注册
39214,承
39276,吃
39311,天天爱彩票
39315,研究
39322,览
39339, 开
39341,压
39402,彩网
39413,报道
39425,教育
39452,艺
39457,其中
39505,箱
39511,检
39517,误
39583,様
39601,歌
39624,激情
39649,俺
39652,登入
39687, 北京快
39711,养
39751,込
39761,版本
39766,自己
39780,坚
39813,，并
39836,女人
39864,远
39865,为什么
39912,怎么玩
39915,诉
39933,尚
39953,靠谱吗
39958,币
39985,以下
39988,眼
39990,审
40016, 幸运
40055, 南
40056,売
40069,协
40078,货
40084,班
40091,記事
40131,订
40193,怎样
40194,汇
40204,下载安装
40225,色情
40266, 天天买彩票
40304,奶
40305,在哪里
40390, 易
40440,風
40459,添
40483,太阳
40492, 天天中彩票中奖
40498,丝
40550,副
40623,规则
40694, 吉
40701,位置
40730,短
40783,查看
40790,朝
40810,严
40824,，我
40867,下載
40909,語
40914,开始
40959,电子
41091,肉
41201,孩
41221,啊
41241,無料
41257,通过
41276,念
41312,司机
41331,讲
41456,需要
41501,害
41513,参数
41554,送料
41555,善
41559,项目
41573,只有
41577,跟
41701,設
41713,这个
41739,亲
41764,当前
41779,终
41816,赔
41832,湾
41849,尊
41886,高潮
41893,假的
41900,露
41913,玄
41964,蛋
42011,婆
42043,可能
42049,豪
42069, 龙
42121,离
42145,开户网址
42260,现金
42333,哪里
42366,関
42392,家乐
42418,朋
42420,执
42425, 银
42433,美元
42514,津
42520,分享
42532,公开
42547,处理
42567,铁
42584,視頻
42585,仅
42624,零
42679,員
42692,腾讯
42759,革
42782, 腾讯分分彩
42821,贴
42826,乡
42848,贵
42905, 的
42930,赢彩票
42994,键
42996,岛
42999,开户链接
43041,就是
43060,(日
43065,大学
43123,一肖
43247,要求
43290,移
43374,久久爱
43442,如果
43482,注册网址
43487,符
43530,价格
43550,，有
43577,高手
43581, 来源
43628,曲
43678,玉
43692,伯
43781,哪个
43802,银行
43851,是否
43860,担
43906,森
43948,串
44005,，请
44048,婚
44051,择
44052,叫
44086,响
44159,現
44162,(土
44217, 重庆
44276, 怎么
44279,欲
44319,开户地址
44320,(水
44336,噜
44355,日日
44431, 正
44440,安全吗
44443,卫
44459,邮
44467,小时
44512,织
44515,分快
44518,対
44534,分类
44536,楽
44558, 日韩
44565,建设
44612,提现吗
44614,拿
44619, 年
44620,怎么领
44659,批
44710,丁香
44721,最大
44776,描
44777,資
44801,希
44898,(火
44902,兵
44945,(月
44948, 名無しさん
44966,且
45000,辆
45029,注册地址
45067,觉
45095,評
45111,课
45115,結
45137,飞艇
45313,犯
45393,插
45396,今日
45419,个人
45423,仙
45461,政府
45463,術
45494,楼
45505,豹
45555,虎机
45581, 优
45622,洞
45642,篮球
45660,较
45685,五月天
45706,大神
45709,注册链接
45795, 星
45805,給
45813,人成
45876, 天天中彩票有
45877,読
45887,精品国产
45933,独
45963,视频在线
45964, 精
45969,顺
45987,时候
45999,裸
46035,屋
46055,，以
46161,(木
46184,乐彩票
46190,安卓
46202,扫
46249,(金
46256,曰
46336,访
46367,追号
46373, 大发快三是
46385,层
46402,等奖
46419,支持
46429,論
46437,赌场
46456,亮
46477,消息
46490,啪啪
46499,察
46503,種
46536, 自
46544,冷
46551,百度
46568,彩图
46569,它
46627, 申博
46629,選
46669, 天天中彩票app
46674,宣
46675,大发快
46678,诺
46681, 超
46696,級
46804,支付
46863,來
46916,特码
46980, 福利
46984, 皇
47106,別
47110,的是
47119,令
47243,人工
47256,今天
47257,判
47300,关注
47357,情報
47371,城市
47373,含
47420,可靠吗
47453, 千
47534,泰
47536, 加
47540,异
47554,続
47568, 九
47603,庄
47641,菲
47655,计划软件
47668,看片
47691, 利
47708, 黄
47727, 极速
47747,誉
47748,公众
47758,不中
47768,情况
47799,汉
47822,奥
47831,勤
47873, 白
47903,床
47959,发表
47977,娱乐城
47989, 彩票天天
47993,增长
48039,急
48069, 久
48081, 男
48091,猫
48179,网上
48201,捕
48205,注意
48208, 无
48254,礼
48321,绝
48332,因此
48391,药
48414,授
48450,国内
48452, 爱
48454, 性
48479,计算
48515,天下
48538,专家
48569,谷
48582,科技
48670,周年
48679,电竞
48683,圖片
48714,券
48718,，也
48762,妈
48801,句
48811,高清无码
48813,封
48831,投资
48848,电脑版
48899,，他
48925,応
48952,凤凰
48959,突
48960,聞
49007,爆
49058,刘
49062,概
49120, 海
49151, 下载
49198,是真的
49260,迅
49287,心水
49299,毒
49318,纳
49334,轻
49369,方面
49379,合作
49381,浪
49400,输入
49404, 人人
49424,获取
49510,资讯
49526, 商
49620,咨
49626, 二
49635,影片
49649, 彩神争霸邀请码
49650,适
49686,色综合
49698,密码
49750,占
49757,幅
49762,游戏官网
49787,，而
49860,律宾
49872,過
49935,最高
49939,操作
49948,购彩
49953,其他
49990,了解
49995,真实
50007,下午
50020, 彩神争霸是
50058,往
50077,选择
50135,洋
50182,怎么办
50183,此外
50302,减
50313,培
50369,倫
50391,紧
50399,现在
50448,代表
50461,質
50462,第四色
50533,兑奖
50584,单位
50665,福彩
50705, 无码
50827,昌
50871,題
50877, 亿
50922, 台
50991,師
51000,知道
51007,第二
51019,號
51021, 本
51031,爰
51032,巨
51045,贝
51086,詳
51174,发布时间
51216,仕
51224,卖
51241,方案
51242, 韩
51249,附
51251,細
51319,。在
51362,系列
51366,梦
51390,救
51430, 中文字幕
51431,_日本
51439,遗
51450,详细
51470,小姐
51491,文化
51501,席
51509,实名
51566,关于
51583,奇米影视
51588,专业
51636,般
51678, 亚游
51680, 云
51693, 天天中彩票的
51746,关系
51846,意思
51849,版权
51910, 宝
51944, 天天彩票网
51954,状态
51968, 最
51990,彩争霸
51995, 更
52009,弊
52066,",亚洲"
52095,块
52158,迪
52199,韩国
52204,久久久久
52233,是多少
52331, 河
52385,澳门
52417,设计
52446,雄
52461, 通
52489,豆
52499,训
52555,販
52559,认为
52571,永久
52572,重要
52633, 彩神争霸怎么
52639,乌
52677, 最新
52726,似
52760, 多
52765,错误
52770,学生
52784,树
52802,左右
52810,真的
52844,疗
52845, 公
52860,届
52865,類
52872,A片
52874,人员
52879,洗
52906,点击
52923, 成人
52940,，是
52974,少妇
53067, 红
53074, 聚
53179, 天天赢彩票
53190,熟妇
53193, 西
53210,所以
53235, 六合彩
53254,无法
53283,玄机
53284,庭
53307,雨
53310, 五分彩
53323,默
53332, 国产精品
53339,上海
53404,探
53406,免費
53411, 合
53424,老虎机
53454,社区
53465,全文
53480,助手
53482,祝
53506,琪
53542, 天天中彩票微信
53591,存在
53596,开号网址
53657,括
53659,門
53660,中大奖
53747,开号链接
53750,鼎
53755,绑
53817,多久
53854, 作者
53864,启
53877,顶
53881,學
53892,童
53925,尽
53954,歳
54007,大发时时彩
54029,公众号
54085,账号
54191,责任编辑
54202,佳
54205,取消
54271,為
54294,伟
54400,娱乐官网
54436,恐
54466, 神彩争霸
54486,完整
54531,搜索
54552,租
54574,投稿
54674,函
54688, 美女
54695,丽
54710,诗
54831,地区
54841,继
54860,进入
54875,请求
54907,淫
54913,详情
54966,州市
54972,曾
55007,朋友
55021,可信
55042,健康
55081,荣
55120,葡
55142,赞
55148,籍
55182,黄色
55204,国产精品
55208,咨询
55252,组织
55260,上的
55456,销售
55465,延
55469,全部
55503,皮
55547,溪
55615,映
55649,麻
55682,束
55756,购买
55819,，对
55827,动态
55833,雪
55888, 注
55901,井
55905,已经
55935, 彩神争霸大发快三
55940,征
55948,婦
55952,守
55974,镇
56012,福利彩票
56025,経
56026,祥
56032,粉
56097,松
56108,強
56167,青青草
56181,島
56182, 环
56209,某
56236,轮
56285, 快三
56303, 四
56311,品牌
56336,以来
56375,週
56377,招商主管
56381,联网
56442,送料無料
56460,会员
56484,陈
56503,闭
56534,末
56628,峰
56630,捕鱼
56684,漏洞
56729,點
56782,交通
56801,基本
56865,江苏
56878,俺去
56881,时代
56883,爵
56896,却
56910,倍投
56970,通知
56985,刻
57032,唐
57127,遇
57142, 获取
57145,补
57147,托
57153,舞
57233,极速
57248,池
57260,开号地址
57281,实现
57312,亂
57326, 月
57376,程序
57396,區
57397,统计
57407,幸运
57426,障
57436, 精品
57488,标题
57527, 网易
57563,昨
57564,俄
57587,完成
57607,優
57642,派奖
57675,喷
57719,製
57731,産
57762, 武
57766,遮
57786,太阳城
57788,万円
57856,著
57858, 长
57866,模式
57867,購
57875,背
57922,趣
57931,杯
57932,认证
57942,简介
57960, 不
57980,若
57984,提示
57995,列表
58033, 菲律宾
58050,小游戏
58116, 苹果
58121,做爰
58154,厂
58159,中的
58161,染
58202,乐透
58212,宇
58226,数字
58242,勒
58251,雅
58312,老司机
58385, 投
58407, 同
58445,聘
58509,吸
58516, 帝
58526,出票
58542,工程
58568,定位
58574,提款
58576,人的
58610,视频免费
58626,帮
58649,做愛
58682,页面
58692, 凤凰
58696,會
58771,线上
58783,架
58789, 一本道
58814,时时彩平台
58883,秀
58898,》第
58970,书记
58992,竞猜
59045,绿
59062,条件
59108,途
59118,久久综合
59121,暂
59142,吹
59176,了一
59194,体验
59337,在線
59342,股票
59393,描述
59445, 阿
59450,生产
59465,诀
59511, 鸿
59514,事件
59537,梅
59549,特黄
59561,送钱
59631,同行
59636,说明
59701, 六
59703, 地
59716,迷
59728,尾
59733,脱
59758,，为
59760,手游
59785,疑
59859,app下载
59888,街
59892,編
59909,抓
59919,须
59971,枚
59989,暴
60025,北京pk
60097,確
60098,検
60189,开发
60218,圣
60266,魔
60319,智能
60330,泉
60342,啦
60398,下一
60466,秋
60474,归
60484,验证
60520,发现
60604,对象
60630,聚
60683,根据
60722,変
60733,發
60736,督
60783,奸
60794,豹子
60858, 大香蕉
60916,科学
60959,",日本"
60996,圳
61015,青草
61046,冲
61149,翻
61172,足彩
61200,红包
61212,父
61244,函数
61250,覧
61254,添加
61262, 上海
61288,比分
61328,过程
61345,旺
61364,作品
61367,熱
61369, 五
61382,年来
61417,公里
61441,正规吗
61448,与你
61459,热线
61486, 必
61490,谈
61563,買
61603, 点
61634,網站
61647,开奖号码
61680,龙虎
61686,百家乐
61762,在线精品
61792,不到
61799,腹
61803,狂
61834, 临
61850,成为
61852,优惠
61874, 北京pk
61889,关键
61898,挡
61932,我的
61933,交易
61944,临
61999,刚
62026,作弊
62070,冻
62110,京都
62115,违法
62154,开心
62163,，从
62193,備
62198,価格
62222,験
62226, 全民
62262,精准
62294, 盛
62296,宅
62310,宿
62333,分时时彩
62345, 汇
62427,",天天"
62494,创新
62588,藝
62634,的人
62639,扣
62667,贴吧
62719,認
62763,诚
62791,送彩金
62817,久草
62855,杀号
62863, 网上
62886,組
62980,径
63008,部门
63038,伤
63056, 马
63060,彩票注册
63080,罪
63087,媒体
63138,蛛
63205,摄
63259,職
63317,污
63326,慰
63341,乎
63424,质量
63486,願
63509, 狗
63575,自动
63594,關
63602, 世
63612,平台注册
63613,涉
63624,规定
63641,大家
63642,高清免费
63667,馆
63687,紹
63754,曜
63763,袜
63785,",国产"
63839,客服电话
63850,転
63853,开奖记录
63881,片在线观看
63925,标准
64112,",久久"
64115,年的
64201,襪
64292,互联网
64301,攻略
64337,个月
64339,资料大全
64409,星彩
64514,损
64550,学习
64579,的一
64581,够
64584,盒
64636,与你同行
64651,主要
64693,网友
64705,伦理
64720,，你
64785,日报
64800, 一级
64823,甘
64825,正版
64846,齐
64852,申请
64885,價
64920,狐
64997,怎么看
65017,娱乐开户
65086,日电
65136,仁
65172,交流群
65212,這
65237,經
65246,折
65247,报告
65270,呢
65277,刺
65297,经验
65341,禁止
65379, 回
65394,残
65421,嘛
65438, 韩国
65476,改革
65491,終
65500,比赛
65541,調
65547,駅
65550,行业
65619,法律
65645,説
65661, 是
65767,彩票官网
65771,转载
65797, 少
65804,泽
65805,控制
65825,最近
65855,公告
65875,家婆
65904,瑞
65905,娱乐场
65930,陵
65946,政策
65963,吨
65988,执行
65991,摘
66003,机构
66007,聊
66014,因为
66050,包括
66051,订单
66093,涨
66099,还是
66103,官方下载
66136,年度
66151, 至
66159,_天天
66167,態
66231,未来
66288,尼斯
66291,释
66337,灵
66343,同比
66365,代码
66382, 黑
66421,保存
66467,_亚洲
66475,蜘蛛
66487,娘
66491,本文
66493,呼
66542,影响
66566,早餐
66574,纸
66605, 午
66633,成年
66664,最后
66698,这样
66730,觀
66735,环境
66751,幻
66757,团队
66763,冰
66799, 天天中彩票能
66810,笔
66821, 狗万
66826,赔率
66859,创建
66900,姓
66909,媽
66911, 阅读
66918,提高
66943,心水论坛
67069,欧洲
67125, 英
67132, 德
67145,朗
67174,“一
67176,宜
67207, 查
67319,声明
67340,摩
67361,割
67409,幸
67463,，如
67466,不中返
67470,珠
67477, 男人
67485,產
67512,赢钱
67566, 欧
67575,愿
67608,烈
67629,作为
67731,故事
67738,领导
67746,叶
67771, 蓝
67790,会议
67803,旧
67823, 福彩
67888,帝
67943,甲
67947, 彩神争霸有
67948,収
67951,字符
67954,內
67958, 创
67997,桃
68016, 偷
68112,広
68132,利用
68193,部联系
68219,護
68281,導
68295,础
68301,悠
68319,精神
68323,身份
68349,挂牌
68416, 富
68430,电视
68449,狼
68454,源码
68535,购彩票
68541,新聞
68546,参加
68576,，中国
68593,脸
68614,欢迎
68616,猛
68712,政治
68794,功能
68796,游戏平台
68820,电影网
68867,蜘蛛词
68903,静
68917,営
68929,坐
68956, 内
69001,佛
69033,募
69049,慢
69053,葡京
69072,，我们
69079,可信吗
69135, 時
69142,￣亚洲
69162,百科
69216,体育投注
69273,稳赚
69291,忘
69300,旅游
69332,録
69376, 巴
69424,部分
69454,肥
69455,好的
69462,娱乐招商
69463,植
69518,稳定
69529,直接
69537,特色
69549,凯
69555,値
69573,懂
69574,牲
69602, 联
69622,凤凰大
69642,凤凰大参考
69680, 十
69681,喜欢
69700,中华
69720,讨
69763,近日
69771,工具
69779,应用
69835,尺
69856,促
69926,固
69934,网页版
69987,藝術
69989,金额
70029,圈
70033,生成
70086,腿
70104,正在
70117, 明
70118,结束
70149,无遮
70150,戲
70209,宗
70252,嫩
70259,遗漏
70266,榜
70271,针
70311,歩
70332,标签
70354,萬
70357,黃
70424,哪些
70461,阁
70483, 商品
70486,危
70493,先生
70506, 彩神争霸大发
70554,全面
70674,胸
70727, 宁
70743,有限公司官网
70754,的彩票
70759, 图
70771,填
70775,塔
70784,躁
70788,新华
70805, 福利彩票天天
70810,一次
70821,医院
70853,恩
70855,與
70892,那么
70921,主题
70938,领取
70939,奖金
71005,際
71017, 豪
71051,電話
71075,全球
71096,平台招商
71134,责编
71152,措
71165,非常
71215,冻结
71238,饰
71247,qq群
71249,硬
71309,有效
71311, qq天天中彩票
71324, 数
71356,平均
71361,输钱
71363,鬼
71418,悉
71462,盾
71533,设备
71538,希望
71540,体彩
71543,一本
71603,属于
71607,侵
71662,能力
71692,熟女
71694,免费播放
71742,乐彩
71767,综合色
71770,穿
71772,贸
71773,第三
71801,截至
71826,澳
71875,举报
71880,困
71881,另外
71915,臣
71920,编号
71937, 如何
72001,痛
72066,这里只有
72099,跑狗
72117,苦
72152,震
72178,资源站
72236,但是
72247,幼
72252,任何
72256, 恒
72264,备用
72304, 定
72312,詳細
72332, 财
72344,杂
72355,信誉
72377,广告
72400,金融
72439,舰
72446,产业
72459, 午夜
72472, 天天爱彩票是
72486,場合
72490,，其中
72507,郎
72526,亡
72561,制度
72582,关闭
72587, 大发官网
72593,近平
72662,女性
72669, 王
72686,米奇
72721,蓝
72733,倒
72771,玛
72791,抗
72838,连接
72849,经典
72879,運
72899,頁
72909, 山
72927,借
72930,到了
73021,疫
73036,頭
73048,学校
73077,地主
73114,悦
73118,业务
73139,冠军
73271,徒
73315,税込
73331,经营
73350,指出
73355,怎么买
73366,拖
73384,任务
73407,規
73497,然而
73600,输了
73627,上午
73731, 幸运飞艇
73736,真假
73761, 众
73775,澡
73783,习近平
73788, 设置
73815,中了
73856,目标
73857,全天
73885, 更新
73925, 清
73954,逼
73966, 特
73973,几点
73983,斗地主
73986,姑
74026,阴
74034, 时间
74108,跨
74128,来自
74168,投诉
74195,弄
74199,催
74213,留言
74280,赤
74296,之后
74299,缩
74310, 点击
74348, 官
74379,。据
74423,不过
74474,換
74520,丹
74530,招聘
74533,庫
74612,弹
74628, 牛
74630,宫
74665, 北京赛车pk
74672,亞
74711, 综合
74718,玖
74730,体现
74765,氣
74790,去年
74816,颜
74852, 丰
74914,茶
74929, 大发时时彩是
75025, 天天中彩票可以
75028, 天天中彩票足球
75031,搞
75122,在线影院
75172,於
75176,園
75194,无码不卡
75209,主页
75243,快乐
75271,很多
75293,下面
75359,献
75383,亂倫
75410, 人妻
75461,蒙
75549,拿大
75563,唯
75611,粗
75626,台湾
75639, 首
75654,，将
75683,动漫
75690,伴
75696,摇
75712,読む
75738,大神推荐
75740,体育彩票
75785,平方
75794, 天天中彩票中大奖
75819,网易
75874, 香港六合彩
75900,その他
75926, 出
75928,杨
75958,主义
75989,滚
76006,钢
76027,距
76051,跳
76062,症
76074,鸡
76094,寸
76154, 伊人
76189,辅
76222,龄
76257,浦
76260,负责
76282,奈
76289,弟
76304,中奖彩票
76346,浏览
76430,阳县
76434,穴
76457,早点
76500,＿色
76531, 娱乐
76555,，大
76578,不可
76579,理论
76589,隐
76629,诊
76683,船
76728,邦
76757,彩经彩票
76784,況
76796,株
76829, 未
76852,实施
76891,微信群
76896, 拉
76897,＠お腹
76940,牲交
76941,净
76974,当然
76987, 深
77011, 宜
77036,银行卡
77038,练
77056,屏
77071,，就
77131,鑫
77135, 哪
77143, 天天中彩票追号
77152,纯
77172,干部
77179,坑
77202,刊
77207,多少钱
77219, 激
77283,久久精品
77292,三级片
77298,＠お腹いっぱい
77398,彩票招商
77434,盖
77502,暖
77511, 彩神争霸能
77544, 石
77574,俺去也
77583,次数
77590,兼
77629,统一
77641,試
77680,资金
77693,获得
77712,正规的吗
77892,骗人
77897,進
77906, 棋牌
77909,扑
78008,培训
78023,￣奇米
78039,发生
78077,入口
78081,",欧美"
78140,还有
78187, 类
78188,收藏
78191,援
78196,级毛片
78249, 大发彩票官网
78272,回复
78286,老师
78307,亿美元
78313,排行
78326, 北
78330,樂
78352,醒
78418,坚持
78419,恒
78437,里面
78546,召
78555,保护
78580,基础
78588,",香港"
78590,授权
78637,縮
78646, 投稿
78656,請
78693,注册送
78698,开奖直播
78708,平台开户
78710,都是
78736,（笑
78744,人體
78751,。这
78755,決
78782, 天天中彩票如何
78790,超过
78819,解决
78837, 電
78869,运营
78870,委员
78893, 天天中彩票软件
78965,訊
78967, 鑫
78983,隆
78989,能源
79056,數
79081,抽
79082,万人
79103,平台直属
79105,桥
79126,拟
79138,开展
79165,异常
79194, 女人
79233,励
79241,领奖
79263,无遮挡
79317,鲜
79333, 乌
79398,出现
79456,必中
79472,恋
79631, 输
79695,彩票开户
79722,黎
79752, 天天中彩票不能
79831,文字
79836,bet官网
79842,档
79871,娱乐直属
79930,毫
79938,皆
79957,伙
79986,碼
80006,萨
80012,数量
80100,迅雷
80107,毕
80115,意见
80127, 欢
80131,例如
80139,平台开号
80161,地方
80221,噜噜
80226, 创建
80237,完整版
80249,稳赢
80254,最多
80265,消费
80387, 注册
80392,凡
80495, 彩神争霸app
80518,继续
80549,接口
80584,润
80587,竟
80617, 東
80629,。他
80633,出来
80649,购彩平台
80683,爸
80701,跌
80704,翼
80711,酒店
80738,冬
80761,偷偷
80842, 超碰
80875,見る
80885,関連
80938,开奖现场
80985,一等奖
81016, 东方
81019,吴
81032,脚
81059,劳
81094, 天天彩票中奖
81114,范围
81117,保险
81126,调查
81139,馬
81141,寄
81143,挑
81150, 名前
81174, 推
81200,贫
81221,内部
81246,到账
81263,绩
81324,全年
81351,增加
81394, 手机天天中彩票
81405,才能
81406,娱乐主管
81407,会社
81457,人民币
81463, 工
81506, 天天乐彩票
81517,赵
81529, 微信上
81543,窗
81562,提出
81577,扬
81595, 八
81599,荷
81626,情色
81647,一直
81652, 澳
81674,",色"
81699,购彩官网
81700,天天买彩票
81764,勇
81765,阪
81807,丈
81808, 主
81836,億
81859,分pk
81890,办公
81896,お願
82008,平特
82062,生命
82066,一步
82124,乱码
82147,本站
82161,筑
82180,君
82290,、大
82346, 国内
82373,顾
82385,无码专区
82416,一路
82430,捷
82439,线路
82455,張
82480,兽
82546, 真
82567,罗斯
82608,彼
82634,￣影音先锋
82654,必须
82738,原因
82766,有人
82797,_久久
82843,测试
82844,_人人
82873,一级特黄
82878,韓
82883,虽
82949,淘
82956,什么时候
82994,惊
83059,触
83098,开放
83109,加强
83110,拥
83113, 巨
83136,您的
83153, 金沙
83176,恶
83221,贷
83338, 买
83360,做爰片
83388,氏
83405, 彩神争霸官网
83407, 天天中彩票中了
83490,竞彩
83505,。因此
83578,仍
83694,蜜
83711, 中文
83735,實
83767,买吗
83785,规划
83800,不同
83802,，每
83820,厚
83826,舒
83843,为空
83892,達
84053,怕
84117,上传
84127, 泰
84140,比如
84166,￣色
84189,一码
84199, 水
84207,疆
84208,。此外
84213,談
84223,岗
84303,對
84307,以及
84344,惑
84359,自慰
84405, 奇
84406,缺
84429, 秒
84437,一般
84443,患
84508,簡
84554, 威
84565, 张
84631,甚
84634,起来
84680,加载
84726,栏
84748,散
84749,地产
84752,耐
84753,_欧美
84785,大小单双
84792,，可
84851,发送
84951,特别
84952,递
84956,項
84978,酸
84982,巡
85025,坡
85043,宽
85067, 鼎
85100,出版
85125,徐
85183,大战
85231,缘
85264,人気
85278,苹果版
85309,主任
85338,＿亚洲
85374, 博彩
85386,尤
85387,东方
85591,混
85593,联盟
85637,基地
85639,焦
85671,_国产
85672,薦
85684,侣
85701,五星
85724,网投
85761,戦
85907,邮箱
85933, 偷拍
85990,慧
86005,横
86040,。同时
86054,風吹
86060, 天天中彩票网
86064,葉
86083, 腾讯天天中彩票
86165,風吹けば
86181,国际娱乐
86196,来说
86215,大发展
86221,累
86257,糖
86268,零钱
86283,这些
86301,视频免费观看
86330,絲襪
86435,《凤凰大参考
86470,畫
86518,真的假的
86532,久久久
86534,储
86542,額
86588,是什么意思
86590,竹
86610,保障
86618,晨
86656,番号
86659,字段
86695,格式
86705,始化
86732,，共
86761,材料
86780,的天堂
86796,推进
86845,岸
86868, 元
86899,，同比
86917,寻
86919,阳市
86945,液
87044,照片
87100, 林
87101,平台总代
87119,瓜
87123,風吹けば名無し
87156,署
87162,加入
87174, 香港马会
87186,続きを
87189,两个
87196, 用户
87197,刑
87214,振
87221, 学
87223,重点
87236,単
87255,三分彩
87260,阶
87352,怀
87375,行为
87417, 所
87425,版权所有
87567,抢
87648,侠
87678,山县
87691,親
87742,时时彩开奖
87836,宣传
87845,隔
87897,期开奖结果
87938,访问
87958,剧情
88079, 伯
88083,取得
88117,医疗
88126, 卓
88128, 大发快三彩票
88140,炸
88144,平台主管
88154,岡
88175, 双
88176,普通
88200,彩娱乐平台
88225,検索
88257,標
88323,摘要
88345,用品
88354,不会
88375,软件下载
88392,译
88408,罚
88423,他们
88438, 尚
88464,推广
88493, 天天中彩票篮球
88533,值得
88569,避
88592,维护
88614,男人天堂
88671,打开
88692,、高
88695, 联系
88718, 皇冠
88724,动车
88907,塞
88919,二维
88920,俄罗斯
88923, 次
88949,男女
88966,具体
88983,身份证
88999,曜日
89001,館
89011,姨
89019,娱乐总代
89037,逆
89039,a片
89056, 無
89129,節
89158,确定
89204,袋
89239,杰
89252, 文
89273,牙
89359,或者
89373, 天天中奖彩票
89409,免费视频在线观看
89429,扩
89447,知识
89467,高手论坛
89469,学院
89480,选五
89486,参与
89497,领域
89533,徽
89549,，其
89575, 用
89597,丝袜
89616,选四
89642,湿
89665,期间
89677, 今
89696,党的
89721,这里只有精品
89736,排列
89785,回答
89812,成立
89820, 初
89844,行动
89852, 实
89858,驾
89870,孩子
89888, 凯
89903,风险
89915,默认
89933,缓
89935, 返回
89965,返点
89976, 外
89992,暗
90041,黑平台
90067,专题
90100,恐縮
90119, 浏览
90209,纬
90288,恐縮です
90330, 诺
90337,大发官网
90397,有什么
90477,顿
90480,努
90484,＿天天
90486,微博
90504, 足
90544,天津
90551,盐
90602,＠恐縮です
90606, 天天乐
90630,日至
90638,揭
90640,食品
90649,灯
90653,挥
90705,彩票总代
90716,实名认证
90717,思想
90734,机关
90735,传奇
90778,順
90808,大厅
90840,納
90845, 狠
90856,妹妹
90863,中过
90885, 情
90933,役
90957,金沙
90966,自治
90974,审核
90995,勤務
91030,免费看
91031,洁
91179,，如果
91184,月份
91185,耀
91191,搭
91224,原创
91228,地图
91232,热门
91244,福利彩票天天
91285,嫌
91304,那个
91313, 周
91337,剑
91342,帖
91353,洛
91361, 百度
91396,管家婆
91429,破解版
91442, 亚洲欧美
91483,積
91520,目录
91659,と思
91661, 评论
91735,播放器
91812,广东
91832,寿
91845,曼
91854,尿
91983,升级
92035,年前
92055,既
92063,、新
92103,二维码
92106,结构
92134,娱乐开号
92136,“三
92149,算法
92200,饮
92219,和天天中彩票
92220,虚
92253,合わせ
92291,游戲
92327,有关
92352,卷
92385,晓
92437,实际
92479,町
92481, 菲律宾申博
92518,彩票站
92528,作用
92565,一定
92616,肯
92619,挂机
92657,証
92775, 建
92833,娱乐代理
92869,新闻网
92935,新华社
92937,原标题
92993,壁
92999,带一路
93022,赏
93036,字符串
93116,贡
93118,艺术
93151,久久国产
93175,搏
93340,炎
93362,长龙
93404,夫妻
93446,們
93503,请输入
93526,嘉
93549,平台官网
93586, 编
93625,午夜福利
93654,不给
93699,空彩票
93787,允
93806,陰
93829,天天好
93855,线观看
93865,联合
93867,主演
93891,期开
93935,乘
93951,的网站
93954,安卓版
94047,附件
94064, 天天中彩票大奖
94148,帮助
94202,屁
94210,逸
94212, 天天中彩票双色球
94273,窝
94281,済
94363,浴
94391,落实
94420,一起
94421,中王
94466,觀看
94536,毎
94538,四六
94590,性交
94605,关键词
94652,缴
94656, 阳
94703,辅助
94737, 贵
94742,白小姐
94755,勝
94779,扑克
94795,",一本道"
94841,家庭
94906,立即
94932,如此
94947,彩票直属
94951,睡
94952,上一
94973,绑定
94996,孕
95035,阵
95173,瓦
95190,彩票主管
95203,按照
95221, 发布时间
95264,彩票开号
95270,十二
95308, 李
95335,一级特黄大片
95338,当前位置
95350, 投稿日
95362, 保
95364,频道
95366,骨
95370,讀
95373,骗子
95376,视频在线播放
95409, 狠狠
95411, 沙
95444,建立
95445, 波
95448, 編
95483,配置
95510,央视
95512,平台代理
95528,流水
95560,收入
95565, 大发快三怎么
95646,深圳
95707,発送
95725,之间
95733, 被
95800,数组
95815,莱
95957,达到
95962,世纪
95998, 下午
96007,空间
96010,推动
96052,建议
96061,客户端下载
96096, 原
96120,刀
96195,山大发
96198,，让
96205,属性
96207, 打
96216, 科
96269,逐
96332,点评
96353,办法
96428,瓶
96436,現在
96447,公司的
96524,_免费
96573,今回
96593,计划群
96611, 求
96617,祖
96635,尼斯人
96681,十一
96696,贯
96719, 手机上
96849,机器
96896, 彩神
96911, 后
96935,服務
96957,锦
96990, 对
97006,谢谢
97020, 提
97029,違
97071,周期
97079,平方米
97106,成本
97113,替
97118,马报
97276,聯
97291,高清视频
97294,お願い
97295, 天天中彩票买
97339, 兴
97365,胡
97379, 老司机
97399,怎么领奖
97430,粤
97434, 鸿运
97440,壇
97444,看到
97447,蛋蛋
97478,啥
97505,敬
97575, 登
97630,哈哈
97644,战略
97652, 至尊
97667,一下
97708,柜
97728, 青青草
97765,敢
97794,》的
97812,自己的
97826, 大乐透
97832,＿日本
97869,下降
97880,心得
97950,晚上
97996,不要
98003,讨论
98015,一天
98034,阅
98080,姆
98117,滑
98122,，自
98124,夹
98156,階
98165,持续
98167,亏
98174,一级a
98210,丰满
98219, 谁
98222,制造
98278,所在
98314, 丁
98350, 字
98403, 杏
98415,停售
98507,评价
98553,”和
98566,发表于
98590,郑
98600,手机在线
98610, 前
98617,人人爽
98751,基金
98760,官网下载
98805,斤
98820,区域
98826,角色
98837,漂
98849,黑人
98861,事实
98865,看的
98891,情侣
98909, 彩神争霸的
98924, 管
98977, 游
98985, 广东
99029,辉
99048,耳
99103,奋
99121,提升
99158,裁
99203, 日日
99261,大的
99365,元棋牌
99404,本网
99412,，只
99423,曝
99432,前年
99465,分钱
99494, 亚洲AV
99512,进一步
99521,掉
99531,调整
99534, 拉菲
99535,百万
99547, 全民彩票天天
99587,是假
99607,掲
99752,皇冠
99782,宋
99786,截图
99796,具有
99813, 大发快三开奖
99825, 连
99862,＿老司机
99890,十分
99908, 看
99925, 海南
99952,需求
99958,亚洲精品
99994,孙
100007, 台湾
100018,核心
100021, 少妇
100024,计划网
100108,麦
100147,　据
100165,监听
100258,議
100295,日上午
100316,_北京pk
100391,熊
100406,践
100461,措施
100462,哦
100560,人人摸
100604,对于
100609,速度
100614,漫画
100680,有哪些
100682,正式
100714,里的
100719,仪
100749, 如意
100760,电子游戏
100779,姓名
100786,%的
100824,遍
100835, 官方
100839, 秒速
100846, 瑞
100872,移动
100900,閱
100909,城县
100940,精彩
100963,，目前
101019, 天天彩票怎么
101071,驰
101100,检查
101127,説明
101180,的视频
101224, 天天彩票app
101227,九九
101239,鹰
101240,电玩
101241, 彩神争霸快
101257,適
101261,日下午
101270,AV视频
101303, 大发游戏官网
101314,纷
101346, 心
101358,，但是
101428, 時計
101480,唱
101498,大仙
101567,敏
101575,乃
101621,兑换
101676,口诀
101706,老板
101713, 怎样
101741,最快
101747, 双色球
101799,最新地址
101839,账户
101877, 大发云
101880,覆
101892,方向
101921,，中
101966,运行
101991,目的
102097,購入
102103,江苏快
102105,传真
102135,来的
102149,锁
102161,水平
102162,植物
102193, 激情
102203,选号
102205,聊天
102287,画像
102317, 天天中彩票官网
102351,問い
102360,行政
102388,重新
102403,怪
102429,梁
102436,赛马会
102465,教学
102487,每日
102533,董
102581,霞
102582,桶
102602,性愛
102614,謝
102619,注销
102647,五月丁香
102670,免费视频观看
102727,扶
102762,亞洲
102794,全集
102810,群众
102828,哥哥
102871,积极
102874,朱
102881,赢家
102918,宮
102923,牢
102981,，所以
102997,友情
103027,山市
103041,械
103042, 男女
103063,东京
103071,兒
103083,久久免费
103100, 快三大发
103105,刺激
103114,との差
103145,第四
103192, 加拿大
103205, 品
103234,、中
103276, 删除
103287,華
103294,经理
103350,日前
103361,彻
103377,最新版
103387,，可以
103392,职业
103422,浩
103425,，与
103441,繁
103497,肃
103507, 伟
103511,体系
103561,払
103582,名字
103643,男人的天堂
103646,満
103651,分别
103654, 花
103679,官方网
103700,貨
103724,腐
103758,答案
103768,黄金
103809,烟
103923,遊
103941,ヶ月
103992,退出
104020,，当
104035, 高清
104069,无码av
104143,人才
104170, 玩大发快三
104173, 单
104204,形成
104237, 歐美
104292,随机
104297, 华人
104310,指定
104315,，无
104333,禧
104367,服务器
104372,彩票大发快三
104407,下注
104410,拼
104442,道人
104466,验证码
104472,腾
104511,预计
104512,判断
104540,面积
104556,安县
104560,多野
104578, 大发分分彩
104585,那里
104596,算盘
104624,専
104656,_超碰
104658, 时时彩后
104708,帐
104736, 手机版
104744,療
104760, 免費
104796, 天天中彩票足彩
104810, 页
104929,岭
104937, 北京赛车怎么
104963, 京
104985,正确
104990,这一
105091,趋
105094,ICP备
105097,問い合わせ
105109,當
105128,一样
105143,主席
105173,现金网
105175,外围
105181,，要
105187,辽
105205,，北京
105278,仓
105303,在天天中彩票
105308,歲
105387,酷
105431, 湖
105442,_一本道
105449,音乐
105477,推薦
105500,抱
105516,期間
105524,咪
105525,柴
105539,英国
105540,営業
105541,合法的吗
105550,阿v
105553,新浪
105562,简单
105572,国语
105573,和彩
105597,百分
105653,生态
105696,掌
105736,极品
105793,，还
105821, 如果
105826,坊
105828,奴
105829,过去
105865,证券
105917,写真
105922,监督
105924,诈
105929,対応
105931,続きを読む
105973,喷水
105978, 视频
106006,扎
106007,路径
106013,遭
106079,大乐透
106102,课程
106222, 彩神争霸提现
106260,快播
106323,金花
106325,鼓
106373,妞
106487,运动
106530,携
106552, 摩
106573, 天马
106615,裤
106627,输出
106633,最佳
106650, 太
106652, 普
106738,艾
106741,图区
106755,宏
106784, 铁
106803,青年
106876,新增
106919, 日期
106932, 成年
106990,严重
107043,颜色
107054,接受
107055, 彩神争霸怎么样
107135,商业
107149,。一
107156,免费人成
107189,宁市
107205,十八
107218,备用网址
107293,吊
107349,呵
107415,奔
107417,下载安装到
107436,御
107496, 盈
107505,久久热
107535, 可
107546,星期
107562,羊
107564,福利视频
107585,玩家
107602,棒
107640,凌
107670,近年来
107679,銀
107728,財
107735,忍
107745,寒
107747,五月婷婷
107765,北京赛车pk
107781,在线观看视频
107804, 做
107815,早餐加盟
107825,嗯
107827,支付宝
107849,疾
107867,也是
107880, 专
107906,国产自拍
107907, 制
107920,講
107924,跑狗图
107942,單
107958,：中国
108009,数据库
108013, 盛大
108095, 真人
108107,博娱乐
108112, 法
108120,還
108159,，很
108192, 編集
108194,，由
108219, 嘉
108302,，今年
108329,语言
108360,上市
108379,荡
108400,仕事
108473,之前
108479,规模
108502, 数据
108516,青青青
108558,人人看
108560,炮
108562, 荣
108576, 風吹けば名無し
108618,沟
108691,岳
108712,紹介
108713,東京
108730,論壇
108738,沒
108794,新的
108795,分享到
108828,方便
108838,浙江
108852,允许
108856,莉
108868,沁
108915,評価
108933,注明
108976, 婷
108980, 家
108991,人体
109045,圆
109093,找到
109105,教师
109176,嗎
109178,経験
109253,稱
109273,琪琪
109277,。目前
109282,戴
109300,制作
109310,。而
109323, 大发快三的
109333,押
109386,官方群
109400,发行
109423,现代
109426,結果
109471,每天
109496,藤
109525, 印
109536, 自拍
109546,猪
109576,这种
109577, 是否
109580,拜
109612,随着
109613,迹
109631,共同
109643,爷
109649,助赢
109659,(笑
109696,一覧
109698,展示
109704,総
109720,是谁
109737, 信
109743,凤
109796,日韩在线
109810,日起
109831,“四
109846,，更
109855,喝
109874,养老
109922,饭
109993, 天天彩票是
110015,民族
110067,準
110072,亚洲视频
110077,沉
110105,賞
110218,看看
110242, 表
110273, 丁香
110279,不得
110353,少女
110365,事业
110382, 汇丰
110397,六月
110447,价值
110488,麟
110517,观点
110581,暂停
110595,一级毛片
110605,人士
110608,明星
110696,盈利
110703, 天下
110753,规范
110755,自产
110781,机制
110783,魂
110849,甸
110882,体验金
110898,框
110902,裸体
110991,肖中特
111009,教程
111014,有没有
111030, 天天送
111069,估
111102,变态
111128,定义
111159,不开
111168,公共
111172,涩
111217,形式
111248,山东
111308,实体
111360,直营
111504,薪
111526,殊
111540,洪
111555,杭
111559,霍
111701,娱乐登录
111730,予約
111780,国务
111782,考试
111875,逃
111925, 全球
111934,免费下载
111941,卫生
111956,镜
112008,崎
112026,販売
112057,娱乐国际
112098, 新宝
112116,香港马会
112174,铺
112235, 使用
112292,赚钱吗
112325, 惠
112366, 茗
112375,轩
112399, 在天天中彩票
112400,亚洲欧美
112432,骑
112445,離
112451,了吗
112461,握
112486,及时
112574,人数
112588,提交
112589, 为什么
112598,新能源
112643,我国
112654,情况下
112720,简称
112754,节目
112757, 收
112874,联系我们
112913,鹿
112921,指导
113014,人人操
113073,返信
113118, 公司
113125,大发展有限公司官网
113135,環
113169,招商总代
113187,贸易
113205,乱子
113216, 网络
113227,廉
113233,超级
113274, 环球
113319, 更多
113424,建筑
113458, 可以
113478,快速
113480,官网开户
113487,習
113528,正常
113549,頂
113554,报警
113573,鐘
113611,常委
113658,孔
113670,軽
113672,怎么领取
113677,絡
113681,手续
113697, 奥
113702,电影网站
113720, 一级a
113769,工业
113780,玩吗
113788,家的
113793,程度
113797,彩票网站
113836,人體藝術
113839,万辆
113857,兄
113860,，则
113889,无限
113892,股份
113915, 北京赛车计划
113938, 白小姐
113952, 什么
113981,夜夜啪
114007,坦
114030,首先
114035, 热
114041,弱
114051,戒
114062,时时彩官网
114082,告诉
114204,排名
114227,死亡
114249,节点
114297,娜
114306,好友
114332,电影在线观看
114350,供应
114352, 七星
114402,一期
114472, 修改
114478, 婷婷
114512,最终
114514,世界杯
114544,大陆
114557,检测
114578,一些
114605,，即
114606,财经
114669,人氣
114680,不断
114735,義
114761,負
114817,偏
114834,娱乐网址
114842,帯
114845,明确
114862,確認
114865,偶
114880,広告
114900,最新高清无码
114914,多野结
114936,天天啪
115023,旬
115040,。但是
115063, 久草
115080,对此
115168,。其中
115205, 天天中彩票不中返
115226,坏
115275,胆拖
115319, 大发快三和值
115390,留下
115411,解析
115422,举行
115465,决定
115494,犯法
115501, 欧洲
115503,挣
115552,经过
115584,彩彩票平台
115642,努力
115654,重大
115682,机动车
115693,創
115703, 发布
115743, 推荐
115811,口コミ
115843,七星彩
115844,特马
115845, 好运
115855,巻
115889, 标
115905,亦
115939, 在线观看
115981,構
115995,另一
116022,分快三
116024,動漫
116033,楚
116050,，该
116058,抵
116142,的位置
116216,鸟
116258,自然
116276,确认
116302,报码
116320, 亚洲国产
116360,丘
116368,理念
116373,导演
116381, 天天中彩票派奖
116414, 常
116415,之家
116419,阅读全文
116430, 体育
116439,，她
116446, 个
116453,査
116462,进口
116493,谓
116505,使命
116531,钮
116540,我要
116562,年龄
116578, 比
116602, 会
116619,莫
116676,難
116677,旅行
116770, 重
116786,期特码
116789,其实
116810,劇
116822, 足球
116836,寨
116852, 中国福利彩票天天
116863,住所
116867, 大唐
116935,＿奇米影视
116940,日時
116949,谋
116961,视频精品
116964,婷婷五月
116976, 博金
116989,紫
116995,送り
117018,產品
117072, 微信里
117073, 财富
117123, 彩神争霸苹果
117137,日报道
117163,咋
117167,，因此
117178,的小
117215,比较
117224,眉
117225, 首页
117338,忠
117340,專
117344,遂
117359,闲
117364,排行榜
117391,この記事
117401,，那
117418, 六合
117447, 地址
117448,热在线精品
117456,优势
117467,驻
117491,網址
117516,誘
117630,比例
117666,年代
117667,芝
117703,农村
117717,艷
117753,强调
117762, 两
117774,打印
117797,配送
117827,妖
117836,免费资料大全
117849, 图片
117883,平成
117888,驶
117930,敌
117934,伝
117937,国务院
117963,保持
117971,浆
117982,联系人
118044,岩
118053,编码
118099,一扫
118107, 深圳
118190,苑
118195,郭
118204,滨
118262, 河北
118267,诸
118276, 为
118305,倫理
118321,旋
118378,好爽
118400, 二四六
118406, 天天中彩票为什么
118431,大香
118451,実況
118474,绿色
118496,字号
118578,伸
118599,資料
118633,十三
118652,夺
118672,同志
118753,概率
118779,磨
118800,則
118857,名前
118965,高清毛片
118981,应该
119007,十五
119014,然后
119020,相关文章
119022,早点加盟
119028,旗舰
119063,迟
119069,-首页
119170,视频网站
119205,舗
119218,姿
119226,季度
119247, 北京赛车开奖
119275,娇
119311, 下
119314,年第
119339,就业
119342,大香蕉伊人
119358, 福利彩票
119468,采购
119501,虑
119558, 土
119601,官网群
119613,不错
119649,地点
119662,真的吗
119681,用户名
119740,发彩票
119750,动力
119772,犯罪
119789,在线看片
119893,之一
119902,裝
119958,登録
119962,保证
119963,什么意思
119985,大会
120008,任选
120036, 大发极速
120037,循
120041,效果
120071,新时代
120077,、市
120154, 天天中彩票和
120278,元素
120287,制服
120329,人人碰
120362,送りします
120409, 七星彩
120417,晒
120426,多野结衣
120449,哪个好
120450,得到
120457,亭
120462,矿
120517, 奇米
120521, 天天爱彩票怎么
120579,，全
120660,燃
120703,欣
120717,大利
120730,，本
120769,，到
120804,較
120820,联系方式
120823, 百家乐
120825,鞋
120838,，包括
120862,展开
120866, 大圣
120917,委员会
120936,长期
120941,怒
120958,手机版下载
120973, 玉
120975,解释
121020, 编辑
121037, 久久爱
121042,全过程
121107,是不是
121138,“一带一路
121139, 教
121143,不能为空
121151,知ら
121198,玄机图
121224,彩票开奖
121236, 古
121300,能提现吗
121313,造成
121351,解绑
121372,平刷
121437,债
121474,党委
121482,曝光
121505,，高
121518,歓
121543, 尊
121609,昨日
121679,、有
121699,你的
121702,殖
121744,，同时
121745,铁算盘
121763,唯一
121795, 国产成人
121798,転載
121803,虽然
121869,甚至
121881, 镇
121899, 电话
121929,扫一扫
121955,积分
122067,客服联系
122081,人大
122138, 优博
122154,貸
122156,下载彩神争霸
122158,回血
122225,誰
122234, 玩北京赛车
122260,办公室
122333,无码不卡高清免费
122359, 位
122374,公安
122388,盗
122421, 天天送钱
122482,浮
122493,万能
122511,促进
122516, 开元棋牌
122540, 当
122559,挺
122596, 经
122660,银河
122663, 操
122669,黑彩
122693, 北京赛车的
122712,无码一区二区三区
122736,医生
122742,流程
122800,渡
122824,几个
122917,王中王
122936, 永利
122958,是一
122969,英雄
122985, 大发pk
123002, 汉
123022,羞
123036,共和
123042,合彩
123052, 澳洲
123086,がお送りします
123138,評論
123139,晴
123169,一道
123206,彩票下载
123268, 另类
123291,复制
123297,钱怎么
123305, 行
123307,（记者
123340, 甘
123349,（一
123420,泊
123426,导师
123437, 色情
123532, 每
123536,是正规的吗
123558,東京都
123560,乱子伦
123563,大胆
123603,“不
123628,车辆
123651,應
123662, 天天中彩票提款
123700,协议
123704,參
123715,俗
123740,弃
123752,准备
123756,戸
123772,勿
123780,がお送
123788,亚洲综合
123820, 新闻
123841, 彩神争霸大发快
123861,腾讯分分彩
123883,筹
123912,文章来源
123934, 長
123948,，总
123955,海外
123972,。然而
123978,原则
124003,忧
124038,排序
124100,社会主义
124130,樣
124146,責
124195,黃色
124210, 千禧
124247,久久久久久
124275,図
124278,砖
124406,訂
124420, 大发快三有
124527,江县
124530,坪
124640, 状
124686,匹
124696, 那
124701,少婦
124708,色色
124805,财富
124870,大奖彩票站
124896,河北
124945,娱乐总代理
124946,彩票软件
124981,湖南
125006,知乎
125047,深入
125051, 文件
125052,作弊器
125130,、不
125138,创业
125139,彩票网址
125176, 查询
125261,限定
125367, 北京赛车女
125371,休日
125420,启动
125439, 完
125446,完善
125492,指数
125493,祥云
125546,萝
125583,最好
125586,必要
125587, 任
125592,揭秘
125694,毛片免费视频观看
125702, 伊
125831,通販
125845,能够
125909,雞
125924,图片区
125946, 北京赛车有
126012,狸
126019,牛牛
126123, 太阳城
126169,免费网站
126207,主人
126210,渠
126226,渐
126233,，加
126249,，此
126266,曹
126294,厨
126312,当天
126350,，说
126418,无码中文字幕
126446,冒
126480,限制
126584,自由
126600,厕
126613, 查看
126655,不了怎么办
126694, 紫
126695,依法
126742,宁县
126751,半年
126774,来了
126778,開催
126797,废
126798,四川
126807, 罗
126887,脂
126962,求人
126982,驱
127002,歴
127043, 邮
127054,费用
127062,赶
127090,减少
127139,佐
127176,在线av
127201,案例
127202, 排
127237,广西
127257,晶
127294,中文无码
127321, 韓
127426,意味
127430,辛
127435,嘿
127489,珍
127499,肌
127510,心经
127574,黑钱
127582,高度
127583,桌
127587,调用
127610,履
127614, 火
127621,不存在
127633,妈妈
127642,财政
127708,力量
127733, 玩彩神争霸
127750,儿童
127753, 天天中彩票上
127790,勒比
127809,时报
127822,这里只
127900,相關
127966, 添
128031,久久免费热在线精品
128060,潜
128117,一肖中特
128150, 趣
128187,更新时间
128225,生日
128229,拓
128245,后的
128271,発売
128275,提醒
128287,不上
128309, 天天爱彩票app
128327,日志
128345,今晚
128364, 网站
128400, 名人
128456,退休
128539,在线观看免费
128553,性生活
128566,，美国
128600, 大发时时彩计划
128621,（日
128628,忙
128685,秘籍
128700,枪
128721,亩
128725, 根
128727,动态图
128733,许可
128749,真钱
128779,勤務地
128805,开奖结果查询
128817,按钮
128846,旦
128873, 刘
128883, 伯爵
128925,公交
128932,（二
128968, 曾
129032,高清毛片在线看
129034,环球
129108,完全
129112,塑
129153,人物
129184,你懂
129207,，用
129208,娃
129223,铭
129243,传统
129252,異
129264,日晚
129268, 非
129318,扒
129320,彩娱乐彩票
129339,（责任编辑
129346, 一本
129350, 彩神争霸平台
129364,停止
129404,资本
129473,吉林
129515, 彩神争霸代理
129529,历山大发
129581,犬
129629,久在线
129686,灾
129697,蒂
129734, 满
129738,雀
129758,取り
129784,来看
129797,未知
129805,處
129857,吾
129892,性感
129897,偷拍视频
129900,在人
129903,宝宝
130011,峡
130042, 吉祥
130058, 一号
130082,晋
130085, 校
130098,，上
130121,。所以
130132, 乐盈
130159,疯
130163,卒
130222,利益
130264,%以上
130327,汗
130369,傳
130436,预算
130474, 梦
130483,东京热
130514,否则
130531,，同比增长
130548,児
130554,，再
130568,污染
130569,拥有
130597,都会
130724, 多宝
130788, 条
130799,下さい
130810, 输入
130887,陌
130892,的话
130923,滤
130928,拾
130935,针对
130941,娱乐网
131031,、水
131104,做好
131105,疫情
131142, 我和
131148,如今
131153,权限
131166,尖
131176,怡
131214, 麻
131364,艳
131387,初心
131402,手机客户端
131436, 彩神争霸可以
131482,久热
131483,随后
131504,窥
131516,磁
131529,玖玖
131530,以内
131535,出租
131572,成果
131590,这么
131629,飯
131697,军事
131711,在线电影
131722,刷新
131780,観
131796,总部
131825,夕
131882, 松
131890,集中
131893, 电竞
131920, 唐
131944,-亚洲
131958,蒙古
131962,札
131974,衡
131976,了承
131988,又爽
131991, 北京pk赛车
132009,來源
132027,设施
132048,涯
132061,窍
132082,“大
132085,非法
132115,文明
132124, 防
132125,飲
132141,打不开
132163,-天天
132184,侧
132226,効
132235,迈
132244,黑大战
132254, 支
132270,統
132292,龙江
132299,A级毛片
132318,人工计划
132319, 私
132378,撮
132410,违规
132412,无码视频
132416,　在
132426,广州
132441, 淫
132455, 彩票天天乐
132473,港台
132560,久久国产视频
132567, 赢
132628,",免费"
132640,動画
132647, 银河
132686,。从
132708,推出
132773, 就
132795,期开奖
132806,治理
132821,开奖吗
132846,轨
132864,輪
132892, 日博
132910,安市
132918,收费
132922,监管
132952, 温
133011,￣奇米影视
133044, 円
133046,，各
133048,多个
133056,，因为
133072,灣
133079,预测软件
133116, 圣
133165, 将
133167,如下
133194,试看
133197,込み
133226,意识
133284, 昌
133286,陽
133326,南京
133329,的时候
133333,是多少钱
133365,购物
133374, 棋牌游戏
133394,re热
133396,揉
133407,辰
133410,实力
133492,電子
133501,耗
133507, 以下
133517, 天天中彩票投注
133583, 祥云
133584,通常
133597,狐狸
133602,理由
133609, 博悦
133612,连续
133630,集团官网
133683,事实上
133686,時計
133689, 下一
133706,商品の
133711,（土
133748,会上
133768,成员
133796,。但
133822, 转
133824, 吉利
133835, 子
133864, 卓越
133892, 送料無料
133900,以前
133924,乾
133977, 产品
133986,怖
134026,歓迎
134036,：首页
134038,高清免费视频
134079, 入
134110,共享
134111,友情链接
134119,备注
134129,信用
134146,煌
134156, 天天中彩票公司
134164,av无码
134175,是真是假
134180,　一
134199,导致
134206,柱
134222,植物百科
134260,甜
134263, 微信天天彩票
134275, 诺亚
134290,袖
134297,无线
134329,植物百科通
134335,罩
134365, 麒麟
134370,一本道高清无码
134372, 仲
134374,中新
134413,薄
134417,爽爽
134420,纽
134441, 女性
134451,頃
134453,机器人
134598,潭
134618,侵犯
134625,女孩
134633,最长
134637,的大
134677,，没有
134690,啪啪啪
134705,徴
134712,阶段
134730,到底
134754,不能提现
134778,冊
134796, 天天中彩票实名
134810,秦
134836,代理娱乐
134874,背景
134897,农业
134925,測
134950, 天天中彩票怎样
134975,邻
134979,当地
134981, 五月天
135022,体育在线
135053,ご了承
135062,の日
135085,达人
135092, 从
135142,喊
135161, 大发时时彩开奖
135207, 星际
135224,利润
135234,最新高清无码专区
135250,姐姐
135270,谜
135272,又黄
135280,蔡
135296, 都
135323,不卡免费播放
135372, 欢乐
135373,”为
135389, 發
135398,这是
135400,些什么
135408,，被
135452,畅
135466,破解器
135504,公众号天天中彩票
135559,強奸
135635, 万国
135673,身体
135787, 接
135800,梯
135853,停车
135885,妙
135924,沿
135956,抜
135998, 快播
136025,紅
136068,打造
136166,伍
136204,合同
136214,博客
136215,，截至
136241,嘴
136256, 万博
136303, 天天购彩票
136354,泡
136361,生命周期
136402,共产
136418,壮
136419,复式
136453,都市
136458,羽
136463,追加
136501,报价
136508, 时时
136510,。另外
136513,尋
136526,お問い合わせ
136529,趋势
136533, 大发快三计划
136567, 添加
136571,结合
136572,手机看片
136632,大阪
136636,物流
136669,茸
136672,徒歩
136710,免费观看视频
136721,阻
136751,竞彩足球
136792, 飞
136801, 搜
136818, 钱
136827,公布
136829,彩票代理
136835,樓
136840,久久综合久久爱
136868,死人
136873,寺
136876,，通过
136894,百科通
136903,长度
136930, 微
136963, 菲娱
136971,礼包
136978,姑娘
136979,黄网站
136992,稍
136994,彩彩票娱乐
137002, 彩神争霸高
137014, 输出
137015,お願いします
137018, 管家婆
137048,料金
137050,AV无码
137080, 天津
137112,倍率
137149,掲載
137177,険
137213,虐
137273,橋
137290,容易
137292,胆码
137307,、一
137324,官网娱乐
137350,，于
137357,亚游
137369, 北京赛车前
137380,，小
137416,付き
137418,肺
137501,淡
137529,柔
137568,人与
137582,屁股
137594,柏
137606,_植物百科通
137668,精选
137724,指南
137749, 約
137751, 已
137788,宝典
137795,其它
137797,邑
137866,拔
137897,三級
137927,治疗
137931,吻
137950,今回は
137971,职位
137986, 米
137991, 三分彩
138005,亚洲色
138035,一句
138043,印度
138053, 天天中彩票有人
138134,全天计划
138141,受到
138160,威尼斯人
138177, 配
138203,人口
138209,实践
138225,开奖现场直播
138238,年轻
138258,在线视频观看
138272,粒
138288,入り
138310, 灵
138331,”等
138379,诚信
138398,-日本
138402,黄大仙
138407, 河内
138438,浜
138459,露脸
138479,漂亮
138503, 光
138518,不限
138534,免费的
138549,是否合法
138572, 包
138577,眠
138595,手续费
138611,环保
138696,绕
138706,竞争
138709,",中文字幕"
138745,和尚
138760,科研
138798,居民
138835,麗
138852,跨度
138859,剩
138884,十九
138892,处理中
138924,莲
138961,男性
138980, 客
138985,下载安装到手机
138994, 华夏
139007, 亚洲人成
139008,自在
139020,湖北
139030,招生
139045, 天天中彩票不
139050,此同时
139057,。不过
139066,初始化
139071,变化
139084,骚
139104,娱乐下载
139150, 木
139198,墨
139251,天地
139252,，占
139269,筋
139270,日讯
139297,被骗
139329,，新
139332,安排
139369, 方法
139389,裙
139501, 吴
139512,几年
139524,类别
139538,苗
139539,覽
139556,百分点
139598,聲
139599,提前
139634,式会社
139651,巡视
139691,开户注册
139701, 亚洲精品
139710,各种
139796,在线计划
139863,综合久久
139872,據
139874,袭
139890,万吨
139905,、自
139956,冈
139987,省委
140079,河南
140086,人生
140087,一分钟
140117,评分
140122,企業
140148,。我
140155,千万
140157,的问题
140166,彩票平台注册
140171,案件
140194,隐藏
140209,共和国
140232, 万盛
140262, 亞洲
140314,娱乐赚钱
140352,薬
140386,合买
140398, 有没有
140461, 动
140479,水果
140518,江西
140579,传播
140581,，他们
140584,條
140681,秒速
140689,d彩票
140726,伙伴
140773,开的
140851,悲
140854,雑
140892,留下些什么
140893,留下些什么吧
140976,泛
140981,共有
140993,煤
140999, 生命周期
141012, 丹
141026,北京市
141028, 金盾
141082,热视频
141097,滚球
141113,黒
141150, 面
141182, 或
141197, 无限
141259,签到
141266,監
141295,无码高清
141299,識
141329,芸
141359,余额
141361,指标
141374, 天天中
141375, 夜夜
141416,奷
141423,挣钱
141441,闪
141465,高校
141467,交换
141471,纪律
141473,主持
141481, 部
141526,消费者
141537, 江西
141551,护士
141583,年底
141595, 鄂
141607, 展
141616, 阜
141738,彩乐
141744,齢
141775,歡
141777, 重庆时时彩的
141827,給与
141830,迫
141843,永利
141855,詞
141883,赖
141920,遵
141923,法院
141925, 门
141959,平特一肖
142041,紙
142069, 喜
142092,詢
142099,兔
142123,恢
142130,资产
142146,翠
142151, 欧亿
142189,之外
142196,沃
142200, 国际
142228,通信
142274,悠悠
142275,研发
142281, 环亚
142322, 赤
142477,旨
142529, 亚洲色
142555,个百分点
142609,娛
142629,发展的
142671, 曲
142702,萄
142748, 参数
142755,在线不卡
142767,财神
142838,党员
142844,赠
142857,並
142882,诱
142935,徳
142960,那些
142987, 怀
143002,辞
143004,章节
143012, 葡
143041,真实吗
143056,报名
143098,条例
143138,监听页面
143150,扰
143154,彩票app
143195,机官网
143198,是真的假的
143226, 生命周期函数
143249,不好
143251,营业
143261,桂
143265,姐妹
143283, 老虎机
143288,裸體
143296,毕业
143348,外挂
143381,类似
143406,錄
143414,迁
143439,岗位
143493,商务
143549, 情色
143552,閱讀
143570, 基
143579, 类型
143634,悪
143670,觉得
143744,南县
143749,兼职
143783, 亚洲成
143796, 魔
143802, 大发快三官网
143806, 山东
143814, 名無しの
143821,手机号
143849, 雅
143857, 初始化
143920,定胆
143936,负责人
143964,天堂网
143975,文学
143977, 精品国产
143978, 合乐
144002,可以买
144038,導航
144086,意义
144093, 腾
144118,杜
144147,官方网址
144220,訳
144236,侯
144296,引用
144305,办理
144316,，这是
144336, 制服
144364, 天天中彩票nba
144412,天天好彩
144437,＿久久
144444,好き
144461,刷水
144492,団
144532,玩北京赛车
144536,在线a
144555,合理
144571, 高频
144578,叉
144663,權
144721,后二
144748,(图
144765,赌球
144785, 彩神争霸快三
144817,试听
144840,交換
144866, 免费观看
144879, 大发快三豹子
145007,举办
145052,外交
145059,数据显示
145060,施工
145061,加坡
145091,一点
145116,下来
145150,丁目
145257,矩
145267,第一页
145310,忽
145393, 贝
145424, 无极
145426,（税込
145485,興
145507,免费资料
145529,纪委
145531,乔
145553, 总
145556, 久久精品
145599,海道
145611,素材
145628,烧
145683,文本
145731, 我要
145836, 天天爱彩票中奖
145865,吟
145881, 羽
145914, 关于
145957,菌
145987,后台
146028, 招
146038,在人线
146069, 大丰
146082,棋牌游戏官网
146112, 绥
146114, 哪里
146118,经历
146124,准确
146134, 天天爱
146203, 发
146251,热点
146277,违法吗
146340, 东森
146346,陶
146351,而言
146365,，相
146387, 我的
146462,舍
146467,，多
146485,烦
146493,寫
146508,讓
146516,棋
146545,动画
146556,人人澡
146591,は禁止
146608,復
146612,帳
146615,飞机
146709,馈
146715,鸿
146768, 摩臣
146795,，那么
146824,柴油
146845,極
146905,仔
146906,の名無しさん
146949, 皇家
146978,縄
147008,无码AV
147033,大奖吗
147058,VIPがお送りします
147074,。不
147082, 游戏
147084,盘口
147092,剂
147169, 若
147171,资源网
147240,此前
147254,按摩
147282, 铜
147297,在線觀看
147298,大香蕉网
147311,事故
147457,輸
147476,許
147494,新人
147503,平码
147559,昭
147583,有码
147622,更加
147632, 洪
147655,为了
147677,吕
147752,鉄
147796,築
147797,鉴
147804,法人
147815,撤
147831,市委
147851,截止
147900,组合
147924,便利
147933,沈
147979,的方法
147981,媽媽
147983,相談
147990,，好
148077, 奇米影视
148081,了一等奖
148082,惨
148131,过程中
148132, 云鼎
148142,虫
148155,航空
148291,疲
148313,战争
148348,灰
148374,金币
148381,呈
148388, 微信的天天中彩票
148391,白浆
148423,宴
148434,歷
148437, 春
148443,另一方面
148483,很好
148502, 天天彩票与你同行
148516,联系电话
148520, 捕
148522,苍
148576,工资
148593,严格
148595, 安卓
148634,払い
148665, 小米
148699,勢
148716,最低
148734,骤
148811, 服务
148850, 安迪
148907,一分彩
148964,總
148980,赋
148997, 天天中彩票无法
149001,骗人的吗
149003, 全天
149032,厘
149062,幸福
149095,相关阅读
149099,英文
149101,係
149158,的棋牌游戏
149168, 大发时时彩怎么
149189,救世
149217, 延
149221,成年人
149252,过滤
149286,确保
149287,本人
149361, 北京赛车群
149390, 美国
149412,私人
149462,国产综合
149539,发挥
149549,箭
149569,贯彻
149580,増
149634, 到
149724,夢
149744, 菠菜
149791,包含
149794,在线国产
149840,安徽
149866,除了
149874, 生
149890,祝い
149949,概要
150024,辦
150025,大师
150041,左旗
150050,期期
150074,禽
150079,重量
150090,模拟
150107, 港
150136,填写
150211, 迅雷
150232,地域
150341,实时
150346, 示
150437, 凤
150467,浓
150495,全民
150596,马上
150612,祭
150625,利来
150642, 作
150705,感谢
150718,注文
150771, 彩神争霸电脑版
150782,訪
150787, 登录
150804,人民共和国
150840,朗普
150844,的网址
150847, 盐
150851, 易购
150940,性爱
150991,优化
150995,臀
151027,看来
151030,纵
151053,新疆
151056, 哈
151094,亚洲日韩
151108,墙
151112, 全民彩票天天送
151151,哈尔
151156, 黃
151171,琴
151201,，把
151234,担当
151337,俊
151345,打法
151409,冠亚
151417,硕
151451,，比如
151461,丰富
151479,、小
151506,增强
151529,后三
151568,預
151667,动物
151717,多人
151733,邮件
151785,＿俺去也
151816,删
151819,　第
151838,加勒比
151864, 民
151888, 根据
151893,閉
151894,学历
151934, pc蛋蛋
151953,五码
152034,顔
152124, 辽
152133, 分类
152141,高速
152144,偷拍自拍
152161, 快乐
152171, 百汇
152184,请选择
152253,第一次
152266,誘惑
152278,人民网
152300,诈骗
152304,智慧
152331,陷
152341,期限
152376,名单
152384,部署
152412,辣
152457,湘
152463,，实现
152472,哭
152476,可以提现吗
152493,拒
152512,內容
152523,的天天彩票
152580,免费提现
152615,报道称
152632,廣
152647,彩堂
152671, 保存
152675,天下彩
152752,鹅
152887, 天天中彩票开奖
152889, 很
152968,誌
152983,。今年
153010, 百乐
153022, 高登
153033, 手机天天彩票
153044,、中国
153060,新版
153074,总站
153078,电视剧
153081,视频大全
153105,兩
153115,毁
153119,特点
153125,成绩
153157,期待
153159,观察
153162,、本
153210,》中
153243,知らせ
153251,青春
153258,伏
153260,竞技
153322, 捕鱼
153443,平台总代理
153474,种彩票
153477,，日本
153508,特殊
153574,一年
153587, 景
153589, 天天中彩票粤
153603, 黄色
153612,團
153622,乐城
153632,忆
153638,邪
153643,杭州
153658,劲
153683,分分彩计划
153694, 同创
153710, 天天中彩票一等奖
153714, 崇
153757,撃
153818,將
153842,，比
153851, 默
153935, 世爵
153964,的邀请码
154061,芳
154079,転載は禁止
154098, 青青青
154130,魅
154140,面的
154157,涉及
154191,(税込
154195, 版权所有
154236,枝
154255, 技
154263,彩票吗
154291,乙
154297, 银航
154346,汤
154365, 天天中彩票中奖了
154371,，而且
154409,武汉
154439,德国
154503, 模
154509,遥
154515, 请求
154530,昨天
154546,成人电影
154558,被冻结
154594,奏
154666,水县
154745, 回复
154747,等级
154809,无码不卡高清免费v
154864, 博猫
154891,投注技巧
154907,动作
154915,录像
154975,》等
154987,帅
155010,杀码
155035,大众
155068,",超碰"
155093,免费高清
155126,課
155188, 彩神争霸下载
155192, 天堂
155198,出了
155245,中华人民共和国
155246, 工作
155269, 消
155288, 手机上天天中彩票
155305,爆乳
155311,管理员
155334, 宝盈
155367,慎
155368, 福利彩票天天彩
155384,帽
155429,乗
155441,碑
155456,，又
155472,鸭
155502, 小说
155507,活動
155513,打一肖
155525,涙
155545,彩大发快三
155612,私彩
155664, 伟德
155682,陪
155706,投注平台
155743,編集
155748,出口
155758,，都
155777, 陈
155807, 拼
155876, 软件
155896,河县
155918,资格
155930,我们的
155938, 体彩
155979,赛车场
155986, 愛
156018,削
156024,东西
156088,现实
156107,，坚持
156108,延期
156118,充分
156124,做到
156153, 彩神争霸网站
156175,炸金花
156205,鼠
156213,大发电
156225,施設
156239, 葡京
156244,營
156253, 亿贝
156255,拳
156262, 要
156299,采取
156308,犯法吗
156332,试玩
156340,教授
156353,开彩
156397,順位
156420,对应
156438,“中国
156452, 时
156473,搬
156565,龍
156567,吃奶
156586,还能
156648,英语
156669,转载请
156684,认真
156790, 洛
156799,贵州
156812,肤
156880,的钱
156951,体育官网
156953,社員
156954,月底
156988,不了了
156997,肩
157006,膽
157011,市场部联系
157153,川县
157162, 浙江
157179,爱情
157261,蜂
157299,医学
157310, 旺
157331, 示例
157388,臺
157409, 股
157422,效率
157437,缩水
157452,秘诀
157467,精准计划
157496,養
157521,在线试听
157591,橾
157652,設定
157689,“小
157712,冷热
157713,補
157780,用于
157782,成都
157833,论文
157840,自治区
157895,魏
157918, 天天好
157949,采访
157965, 亚历山大发
158004,奖励
158033,踪
158058,住宅
158127,创造
158165,点赞
158188, 破解
158189, 仲博
158209,を書
158226, 找
158271,人在
158290,菲律宾
158304,吐
158307,驗
158315,滴
158318, 世博
158341,私は
158375, 等
158376,双方
158377,兑现
158383,期香港
158384, 天天中彩票这个
158399,匿名
158402,幻想
158438,を見る
158442,猴
158457,与此同时
158460,病毒
158514, 熟
158552,碰碰
158556,処
158559,中文日韩
158565,出的
158566, 動
158576,近期
158589,＿影音先锋
158611, 心博
158626, 丰满
158633,中心官网
158634,、电
158637,平县
158661,虹
158668,摆
158669,。当
158675,、美
158712,埃
158785, 欧美日韩
158809, 苏
158812,，同
158857,凉
158877,扒开
158968,/月
158984, 天音
158992, 最近
159055,医保
159071,靠谱么
159113, 赛车
159126, 财神
159133,真实性
159141,郵
159164,骗局吗
159167,偿
159171,定位胆
159205,場所
159256, 功
159302, 空
159321,泳
159327,机械
159437,纠
159470,短信
159524,线上娱乐
159560,传媒
159603,二等奖
159618,出生
159659, 天天彩票提现
159661, 天天众
159669, 谁有
159704,教材
159725,出版社
159739, 秋
159747,彩票计划
159780, 奥门
159798,響
159818, 顺
159834,未经
159864,證
159876,。如果
159878, 苹果手机
160029, 大发快三是国家
160030,专题推荐
160032, 银座
160066,從
160108,网址大全
160131, 大发快三是不是
160147,距离
160163,AV片
160192,芽
160193,万美元
160208,共产党
160229, 天天中彩票是不是
160238, 北京赛车微信
160241,代引
160250, 乐购
160260,部长
160267, 天天中彩票网站
160282,钻
160323,运输
160344, 中国福利彩票
160348, 天天中彩票在哪
160384,馨
160406,逊
160461,心理
160495,悟
160511,员工
160522,遠
160534,已有
160540,彩神争霸邀请码
160591, 注意
160597, 乐天
160612,坝
160696,贷款
160803,西亚
160808,焼
160813, 韦
160834,产生
160842,多少期
160846,深爱
160849, 隆
160861,突破
160932,明显
160933,房地产
160936,即可
160941,召开
160995,巨大
160999,电玩城
161007, 北京赛车如何
161031,特朗普
161045,最後
161118,分钟前
161151,机会
161222,塘
161223,付款
161233, 简
161234,尸
161280,新品
161303,中文版
161327,診
161339,大量
161364,套餐
161375, 相
161376,覆盖
161380,滋
161388,麼
161398,菠菜
161431,伯温
161443,）的
161445,等待
161467,电影院
161489,福建
161512,働
161527,警方
161550,腰
161551,其次
161559, 信息
161573,强化
161575,俱
161579,弗
161592,性色
161600,公開
161689,真正
161690,二分彩
161695,＿欧美
161732,为何
161748, 手机上的
161789,评级
161853,解除
161869, 修
161876,能提现
161953,扱
161989,叔
162013, 韓國
162020,怎么算
162052,天空彩票
162120,加拿大
162157,不用
162210,同步
162243, 羽林
162245,降低
162276,_天天啪
162317,盆
162378, 大洋
162402,公益
162414, 草
162455,仕様
162498, 社
162507,拘
162517,发表评论
162529, 广发
162565,問題
162576,敗
162595,必赢
162650,开启
162657,毛片免费观看
162689,楽天
162712,董事
162730,拍拍
162737, 思
162772, 大发彩票快三
162781,晒单
162787,択
162792, 属
162799,踏
162831,減
162861,炒
162867,玩的
162873,退款
162877,毛片高清免费视频
162913,事情
162942,我們
163035,圾
163100,通讯
163109,跃
163110,包装
163184,莎
163196,去了
163222,赫
163294,鹏
163350, 大连
163368,井空
163480,微信零钱
163496,的平台
163512,。有
163551,梨
163580,玲
163585,春节
163596,贤
163632,割合
163706, 强
163707,尺寸
163715, 和记
163747,，第
163766, 电
163846,天天射
163854,合集
163872, 达
163889,沖
163977,制定
163989,国外
163990,江市
164000,，提高
164007, 东京
164015,以下简称
164044, 和盛
164047,少年
164050,加工
164084, 老时时彩
164144,_主页
164184,党建
164185,出处
164189,六肖
164210, 公爵
164230,商城
164241,料理
164248, 金尊
164264,同期
164266,中特网
164273, 帝一
164285,后一
164287,疯狂
164305,回应
164366, 天天中彩票会
164385,戶
164394, 龙虎
164429, 天天中彩票官方
164459,怎么下载
164476,，使
164479,速報
164542,共中央
164594,輯
164608, 新天天彩票
164637,分類
164646, 博乐
164698, 指
164802,骗局揭秘
164803,组六
164805,副书记
164812, 三国
164846,博士
164852, 经纬
164869,复杂
164925,舔
164934, 系
164969,兆
164983,，人
165004, 中天
165019, 天天中彩票怎么买
165024, 海南天天中彩票
165101,辽宁
165102, 半
165131,協
165166,的重要
165207,資訊
165216,年份
165229,讯网
165252,女子
165271,日产
165274,淘宝
165285,，它
165287,日日啪
165308,是在
165322,首次
165349, ag真人
165376,高中
165383,转换
165388,劳动
165395,天空
165398,路线
165401, 博众
165418,碎
165423,_人人碰
165433,宣布
165468,组三
165486,蛇
165497,介紹
165508, 第一
165531,_久久爱
165561,主营
165626,純
165649,是不
165707,窗口
165805,応募
165806,攝
165851,轉
165912,惜
165986,组选
166025, 即
166035,，希望
166047,荒
166052,宝马
166070, 左
166107, 杏彩
166127, 据
166133,以后
166157, 河南
166183,前年比
166187,融资
166212,終了
166218,满足
166242,海南
166252,旗下
166260, 大发游戏
166285, 金砖
166311,先锋影音
166387,牧
166412,株式会社
166427,国际彩票
166431,赛事
166480,北京赛车群
166497,靠谱不
166521,，仅
166583, 帝苑
166649, 宣
166659,佩
166676,技能
166699,患者
166703, 上海天天
166710,将在
166719,好运
166750,逻
166762,老妇
166783, 一级a做爰片
166790,官网吗
166791,大型
166820,都有
166837,受付
166895, 天天中彩票被
166903,压力
166936, 呼
166937,固定
166945,_北京赛车pk
166947,豊
166949,帰
166951,透明
167006, 弘
167066,套路
167068,女生
167078,菜单
167108,播播
167116,待遇
167118, 格
167132,优秀
167157,“双
167194,凝
167256,法规
167264,住房
167278, 北京赛车开
167309,日の
167319,亚洲区
167426,手游官网
167431,采用
167519,服务热线
167521,公开视频
167534,累计
167551, 彩神争霸充值
167555,测速
167571,胞
167573,中古
167588,校园
167593,聯系
167622, 引
167632, 手机看片
167641,媳
167729,契
167732,在线大香蕉
167742,葛
167763,呀
167770, その他
167775, 久赢
167823,天气
167829,手機
167832,遣
167834, 自动
167885,总书记
167895, 至尚
167904,變
167912,垃
167913,承担
167932,筆
167948,岁的
167951,棋牌官网
167965, 开心
167987, 岳
168003,凸
168043,猜你
168074,职责
168075,，就是
168079,读取
168082, 尚度
168091,A级
168095,派奖中
168131,是哪
168147,緒
168158, 意
168179,锐
168194,“两
168195,暂无
168214,紀
168235,奉
168278, 柏
168280,尼姑
168282, 遂
168287,坂
168339, 久游
168347,厉
168353, 件
168393,泄
168396,平均との差
168473,藏宝
168541, 乐友
168548,公斤
168572, 方
168577, 固
168589,球队
168594, 開
168612,，以及
168647, 天天送钱彩票
168680,俺也
168698,中央値
168707,反水
168752, 环宇
168758, 项
168777,线程
168780, 鸿丰
168796, 钱柜
168802, 泰皇
168871,八码
168939, 財
168947,缴情
168959,巴黎
169021,涛
169024,盤
169047,哪个公司
169129,高级
169148,符合
169165,亚洲国产
169172,女士
169177,飛
169178,，经
169180,扫描
169189,前年差
169193, 上午
169195,中央値との差
169257,狠狠干
169278, 应
169285,老时时彩
169292,协会
169312,相关新闻
169319,这样的
169329,偷窥
169350,靖
169411,家具
169445,幽
169449, 重庆时时
169469,法国
169472,沢
169481,》和
169484,由于
169508,城区
169510,的发展
169516,时期
169524,柄
169553, 王者
169563,不像
169574,暮
169581,相比
169672,娛樂
169696,（三
169699,小游戲
169775,反馈
169795,诀窍
169807,对白
169864, 内容
170019, 南京
170029,直营网
170034,維
170040, 香港赛马会
170076,年以上
170077, 強
170123,胶
170127,-国产
170233,的新
170263,営業時間
170293,此次
170295,丸
170377,、生
170380,萌
170402,土地
170411,今日は
170413, 夏
170414, 博牛
170421,天天好彩票
170426, 大发快三如何
170462, 克
170476, 香港六
170534,的信息
170537, 紫金
170545, 天天彩
170555,所得
170577,自身
170642,门户
170670,销量
170766,仲
170835, 北京赛车女郎
170842,帐号
170846,上映
170850,整体
170890,佣
170903,三星
170955,工商
170965, 天天爱彩票提现
170979,独胆
170996, 微信上的天天中彩票
171002,理解
171010, 察
171077,感觉
171084, 贝博
171117, 北京赛车冠军
171120,鲁夜夜啪
171124, 易乐
171140,九龙
171147,好吗
171156,撒
171169,の場合
171203, 国家
171236,奔驰
171242,铜
171271, 悠
171283,灭
171295,資格
171298,大道
171318,红鹰
171321, 天天中彩票未
171337,栏目
171345, 济
171370,＠実況
171376,討
171395,丶
171529,鸣
171543,開始
171554, 马会
171558, 明发
171574,上一篇
171605,微软
171612,戀
171649,麻豆
171686,賀
171694,絲
171699,￣第四色
171705,附近
171729, 天逸
171778,（金
171789,重复
171816,监察
171820,模块
171853, 玩家
171886, 大发扑克
171917,自拍视频
172011,北京快
172057, 第二
172120,須
172184, 正点
172195, 高升
172218,",大香蕉"
172228, 圣亚
172249,投注站
172289, 弘鼎
172300,、更
172314,坑人
172324,，下
172352,，道
172369,の記事
172373,哲
172381,熱門
172389,擦
172449, 当前
172496,扩大
172554,羅
172567,注册码
172575,直到
172615, 龙头
172627,例えば
172636, 彩神争霸输钱
172640, 风
172655,拆
172676,联系客服
172682,_在线
172683,无需
172724,《中国
172750, 大发快三大小单双
172753,、公
172754, 必胜
172757,满意
172772,假吗
172785,関連記事
172792, 时时彩平台
172813, 亚洲av
172815, 赌
172849, 荣富
172864,喘
172881,人格
172895, 野
172903,中国特色
172935,拨
172966,面对
173005,主播
173007,做人
173014, 今天
173028,这里只精品
173051, 能
173061,别人
173070, 博凯
173111,个位
173117, 色综合
173146, 权
173148,颗
173182, 天天中彩票qq
173198,他说
173267,凭
173277,规格
173310,突然
173330, 曾道人
173338,厦
173342,娱乐平台注册
173355,只能
173409,成熟
173423,軍
173431,长沙
173434,奶头
173513,牢记
173539,聪
173560,免费线
173561,终于
173583,玩彩神争霸
173584,新区
173590,_伊人
173607, 彩神争霸官方下载
173674,砂
173676,，看
173727,、省
173761,尔沁
173782,仕事内容
173818,名稱
173836,北京赛车计划
173848,撞
173889,网页登录
173892,上述
173952,整数
173955, 利来
173970,囲
173997, 诺果
174075,搜尋
174092,尺度
174095,一致
174099,返水
174116,。本
174131,＿久久爱
174160,，两
174228,视觉
174242,数学
174258,暇
174285, 默认
174322,娱乐官方网站
174480,AV在线
174482,，据
174496,収納
174504,瞬
174505,期开什么
174537,姜
174623,妮
174642,依据
174667,，然后
174695, 彩神争霸官方
174756,採
174774,绪
174882,纽约
174904,改善
174916,娱乐网站
174935,昆
174971,违反
175000,忘初心
175029,學生
175057,变量
175060, 天天大奖彩票站
175063,椒
175089, 贺
175101,牡
175120,组成
175124,安心
175164,銀行
175294,伦理电影
175313,柳
175366,革命
175437,黄片
175483,神器
175525,予定
175536,擊
175578, 分享
175607,有所
175617,種類
175645,中文字幕无码
175647,北京时间
175664,字体
175676,厨房
175677,戻
175682,状態
175720, 杨
175739,と言
175748,额度
175758, 控
175828,做代理
175869,を書く
175884,事项
175888,聊天室
175947,预约
175954,所属
175980,没人
175988,手机版官网
175993,欠
176006,无人
176039,精品一区二区三区
176093,后来
176152,老師
176176,不中反
176217,剤
176219,现场直播
176221,領
176230,投稿日
176246, qq上
176283,昌县
176286,于是
176294,杏
176317, 亚豪
176336, 铁血
176360,高清视频免费
176383,毅
176389,我是
176480, 金叶
176509,小时前
176564,买马
176592,右翼
176654, 又
176738,给主人
176801,城乡
176838,铃
176852,白菜
176853,陕西
176857,炼
176919,上下
176922,糕
176923, 乐彩
176944, 兰
176950,旗舰厅
176982, 插
176984,咖
177000,只是
177005, 聚缘
177006,批准
177028,伦理片
177029,车型
177085,养老金
177091,所在地
177107,日在
177116,店舗
177151,工作的
177192,腳
177251,云南
177261,讲话
177269,岛国
177276,主动
177278,绘
177285,老太
177322,中奖了
177335,正规的
177337, 天天彩票中大奖
177350,夫妻性生活
177367,魚
177383,燕
177414,中旗
177431,给主人留下些什么吧
177476,，也是
177513, 放
177519,你好
177530,人人摸人人
177551,_色
177555,莞
177573, 曰
177582,沒有
177625,久久综合网
177641, 朝
177660, 此
177689,免费在线观看
177691, 吉林
177711,暑
177760,实验
177766,查看更多
177861, 天天中彩票人工
177922,感染
177950, 國
177960, 天铭
177962,给予
177976,ご了承ください
177989,",最新高清无码专区"
178002,月至
178006, 传真
178018,卸
178030, 天天中彩票任选
178035,中新网
178072,男子
178099,内幕
178103,神马
178107,手机官网
178130, 最大
178148,盒彩
178167, 赌博
178182,対象
178206,、西
178220, 一诺
178225, 全国
178236,强奷
178257, 天天中彩票谁
178265,披
178271, 食
178335,不到账
178352,疾病
178361,神算
178378,惯
178380,报记者
178387, 尊尼
178398, 无码av
178412,保証
178417,骗人的
178465,掃
178513,等等
178581,十大
178587, 靖
178597, 久久精品国产
178599,煙
178612,年至
178639,纪录
178648,行情
178677,変更
178690,“五
178717,驾驶
178732, 城
178768,不足
178787,性质
178804,寓
178809,即时
178810, 乐丰
178825, 判
178846,、多
178883, 天游
178894, 毛
178951,课堂
178983,彩票登录
179018,作爱
179025,天天彩票网
179058,相信
179067,杆
179080,倾
179094,嫁
179108,老婆
179151, 豪泰
179159, 密
179188,嘎
179212,策略
179250, 写
179296,挑战
179318, 铁血网
179320,前三
179324,哪里的
179326,辱
179400, 红鼎
179414,厘米
179423,掛
179447,组件
179455, 蓝盾
179470,在那里
179484,，还有
179489,病例
179508,凌晨
179509,栗
179520,腕
179530, 战
179576,源县
179594,欺
179605,上涨
179657,日は
179672, 与
179694,电话号码
179705,優惠
179722,福彩快
179724,棚
179749,品質
179782,%左右
179796,。当然
179798,潔
179800,不起
179814,轴
179843,助赢软件
179878,地下
179880,娱乐平台招商
179896,追回
179907,布局
179916,隊
179943,読み
179947, 网易彩票
179951,微信公众号
179975, 拼搏
180045,堡
180068,所谓
180073, 富利
180081,翔
180100,登记
180106,市場
180116,三个
180133,涵
180221,去哪
180222,他的
180227,胎
180292,串一
180294,顶部
180299,孤
180368,投入
180407,彩票平台招商
180419,秘密
180454,猎
180481,十四
180497,。截至
180508, 泛
180536, 京都
180538,人人爽人人
180573,汁
180574,免费人成视频
180623,自产拍
180648, 调
180649,基层
180651, 天天中彩票网络
180658,装修
180660,中文字幕在线
180666, 十二
180699, 银雀
180702, 举
180717, 一分彩
180740,、人
180788,　二
180801, 得
180880,自拍偷拍
180888,集合
180903,粮
180931,滿
180952,禾
180994,分鐘
181014,渠道
181016,危险
181024,贡献
181081, 微信公众号天天中彩票
181090,是真的么
181094,改单
181124,，对于
181129,宠
181135,涉嫌
181167,证明
181178,跑路
181185,筛
181188, 彩神争霸破解
181250, 印尼
181256,霸王
181291,备案
181357,感じ
181361,个平台
181366,困难
181385,整改
181398,广大
181406, 衡
181424,／久久
181428,机场
181438,恢复
181502,整个
181520,骰
181560,扫码
181595,鲸
181597,好多
181628, 柳
181632,的软件
181679, qq的天天中彩票
181704,钥
181720, 淘
181722,皇家
181746,发动
181754, 描
181804, 集
181807, 华都
181860,歌曲
181889,",在线"
181892,。那么
181913,女优
181937, 去
181992,璃
182002,舟
182026,尝
182082,映画
182099,步骤
182131,目です
182171,第五
182178, 星空
182229, 新浪
182248,表现
182251,高清在线观看
182267,青青草原
182292, 天天中彩票APP
182300,丁香五月
182341, 財布
182348,天天送
182398, 亿博
182424, 身
182432,戰
182442,区别
182455, 万家乐
182507, 共
182508, 鼎丰
182533,《关于
182568,匙
182570,想到
182583,成长
182584,热这里只有精品
182605,万个
182619,，否则
182620,天然
182622,舒服
182625,寝
182638, 影音先锋
182674,成交
182770, 趣赢
182772,合法么
182793,改变
182856,一级片
182867,综合色啪
182910,漫畫
182913,分页
182917,整理
182937,瓣
182966,人民日报
182980,辺
183019,彩在线
183067,荣耀
183126,日消息
183214,晰
183238,避免
183247,线蕉
183281, 福建
183298,玩大发快三
183299,当に
183335,敵
183364,钱包
183374,纲
183391,，公司
183489,自行
183511, 大发娱乐
183521,玻
183553, 丁香五月
183564,作文
183565,屯
183579,億元
183591,漢
183604,疼
183605,狠狠爱
183622,泥
183653,特徴
183663, 點
183673,深化
183705,图片大全
183747, 抚
183773,赁
183828, 発
183842,在哪里买
183851,的数据
183868,蝶
183933,进去
183946,头像
183960,游戏下载
183991,栋
184003,人片在线观看
184127,总结
184140,孟
184157,党组
184173,胖
184175,（月
184177,午後
184180,寻找
184191, 广益
184201,首頁
184232,模型
184241, 北京赛车能
184242, 官网
184249,网赌
184264,墓
184267,嬉
184286,的不
184295,途中
184345,手机下载
184350,粉嫩
184357, 康
184379,QQ群
184397,狼人
184398,辖
184416,新能源汽车
184437, 纳
184505,埔
184515,最新网址
184525, 天天中彩票在
184585,实际上
184591, 人體
184597,高清在线
184627,川県
184674,码中特
184694,久久综合久久
184747,永久免费
184792,颖
184805,色综合网
184811,彩网大发快三
184821,至尊
184849,寶
184851,人为
184957,库存
184969,_日本一级特黄大片
184979,琳
184985, 性感
185008,营销
185017,撑
185026,杉
185039,，引
185041,週間
185064,彩票总代理
185086,免责
185118,_日本毛片免费视频观看
185143, 东臣
185153,丨
185168,坚定
185174, 聚利
185184, 天天送彩票
185214,用了
185244, 東京
185249,尤其
185250,厕所
185282,微信提现
185317,子的
185434,剪
185439, 利盛
185485,俺去啦
185492,维修
185493,同性
185513,争锋
185558, 世界
185573,申し
185577, 极速赛车
185597, 邦
185638, 属性
185659,变态另类
185691,募集
185694,兴趣
185698,鍵
185758, 起
185796, 車
185856,饰官网
185880,成人视频
185946,波多野结衣
185991, 高频彩大发快三
185996,平台可靠吗
185998,日韩欧美
186005,网站免费观看
186012,天天看
186057,競
186062,透露
186096,慈
186122,工作人员
186213,回事
186235,＿国产
186267,奋斗
186301,来到
186347, 凯美
186348, 大发快三是什么
186385,嫂
186391, 菲龙
186409, 彩神争霸安卓
186427,住宿
186428,一卡
186439, 個
186524,頼
186538,癌
186550, 淮
186562,膜
186567,歌词
186630,芬
186639,搜狐
186647, 申博太阳城
186726,地产官网
186749,软件合法吗
186763,家公司
186776,呻
186788,昂
186797,专项
186822, 房
186830,小学
186831,娱乐登陆
186846,领先
186850,幕后
186863,手机在线观看
186933,届け
186988,錯
186990,鼻
187089,网彩票
187158, 天天爱彩票网站
187167, 韦伯
187171, 解
187180,返品
187304,，现在
187308, 天天中彩票出票
187345, 纬
187370, 网赌
187374, 乐多
187390,醫
187391,不卡的
187410,西游
187415,高さ
187459,不少
187516, 大发快三走势图
187519,缓存
187532,老人
187540, 日本一本道
187598,放心
187642,雕
187643,客邦
187652,对刷
187678, qq彩票
187716, 微信里的天天中彩票
187751,总代理联系
187760,司法
187767,堵
187784, 重庆时时彩杀
187791,超碰在线
187805, 新疆
187809, 广西
187810,在线观看中文字幕
187817,消防
187821,总统
187822, 大发快三开奖结果
187830, 大鱼
187844,彦
187861, 铭
187876,傷
187946,回来
187980, 天天中彩票公众号
187993, 莱
187995,三肖
187997,实例
188000,大发彩票
188009, 彩神争霸如何
188092, 天天种彩票
188107,考虑
188108,品质
188128,欢乐
188180, 玖玖
188185,裂
188188, 发表于
188221,芯
188278,协调
188334, 宝马
188339, 九州
188355,，却
188394, 天天中彩票大神推荐
188397,外国
188414,老熟妇
188458,絶
188559,美容
188604,bet体育
188633,您好
188635,客様
188659, 运
188678,处罚
188686,就是说
188700,大香线蕉
188704,不停
188772,买天天中彩票
188782,臭
188791,和平
188850, 优宝
188899,翁
188914,返钱
188973,许可证
188990, 絲襪
189064, 香蕉
189103,朋友圈
189153, 七彩
189169, 夜
189173,型号
189193, 饰
189199, 收藏
189200,可是
189209,物业
189234,时时彩计划
189245,。同
189252,是合法的吗
189278,道路
189302,片在线播放
189305,森林
189405, 鹤
189412, 四川
189422,因素
189428,空气
189467, 亚洲男人天堂
189515,彰
189565,閲
189599,俺也去
189612, 苍
189620,，根据
189636, 晋
189674, 他
189719,响应
189747,年以来
189762,业内
189773,套利
189815,一家
189843, 禁
189920,锡
189935,出台
189936,开什么
189941,米奇影视
189946,先进
189977,表达
189990,績
189998,遂宁市
190018,雪球
190090,训练
190126, 电子游戏
190127,＿一本道
190148,期六合
190154,吞
190195,睛
190203,无码亚洲
190239, 京城
190269,浅
190316,大小规律
190330,最大的
190337,殺
190459,再次
190509, 壹
190547,d天天
190579, 巴黎
190645,姚
190657,出去
190786,售价
190819,，非常
190827,相关推荐
190828,厂家
190836, 于
190863,、防
190882,开奖号
190919,至少
190945, 酒
190957,鳥
191014,族自治
191041,穆
191048,融合
191083, 澳门新
191163, 判断
191179, 大发快三怎么看
191235,不知道
191236,四不像
191237, 医
191248,赴
191263,，谢谢
191321, 亂倫
191344,期必中
191383, 体育彩票天天
191404,政协
191406,探索
191439, 人気
191463,公务
191486,朋克
191539,出演
191549, 乐亚
191558,本科
191630,。例如
191647,视讯
191658, 更新时间
191659,梦想
191668, 新生
191707, 詳
191739, 今日
191745,黄色录像
191755, 请
191787,，加强
191792,事項
191801,期资料
191831,昔
191864,想着
191889,培养
191899,爱的
191901,性能
191924,貌
191939, 摄
191940,对子
191951,愛い
191958,演员
191983,毫米
191999, 安徽
192014,_中文字幕
192038, 七喜
192054,一本到
192090, 帝景
192095,天天爱
192131,最准
192204,权益
192229,：約
192241,雅黑
192251, 亚美
192289,締
192293,浩特
192322,打一
192342,直选
192384,桑
192430,莓
192452,色视频
192465, 黄金
192493,说道
192526,歉
192572,程序集
192581,几十
192585,僕
192627,楽し
192658,旭
192669,。如
192700, 大发棋牌
192729,，应
192764,垃圾
192769,鏈
192789,中文字
192795,红黑大战
192812,獸
192819,猛烈
192848,插件
192884,發布
192933,声音
192961,意味着
193023,質問
193037, 导
193071,好了
193089,翌
193128,”活动
193134, 化
193183,律师
193215,中色
193234,色情网
193241, 标签
193293, 一个
193298,东方心经
193311, 早餐
193317,买法
193325,铁路
193339,彩彩票与你同行
193352,中國
193380,正文
193404,综合在线
193423,谨
193572, 上传
193592, 全民彩票
193594,溪县
193605,解绑银行卡
193631, 星期
193703,北海道
193746,中了大奖
193775,发财
193811,敦
193819,亚洲AV
193825,中国特色社会主义
193951,东北
193953,の商品
193968,循环
194016,东县
194028, 在線
194062, 彩神争霸是不是
194081,广播
194159, 桃
194217, 全民彩票天天送钱
194276,山区
194298,（水
194358, 偽物
194388,党中央
194398, 魔兽
194430, 琪
194437, 雷
194446,多久到账
194487,本港台
194489,夫妻性生活影片
194509,释放
194511,辨
194604, 卡
194656,给吗
194664,踩
194696,认可
194854,鱼儿
194894,蕩
194896,覚
194941,攻击
194958, 琪琪
194992, 徒
194996,网址是多少
195004,價格
195006, 玛
195014,右旗
195017,貼
195020,来越
195067,萬元
195073,产权
195085,还是假的
195091,在线视频精品
195129, 網
195150,锅
195160, 爵
195161,七码
195170,猜你喜欢
195179,お気
195201,帖子
195205,入住
195213, 大发彩票网
195219,",伊人"
195240,游客
195241,雙
195265,红姐
195283,帶
195285, 体育彩票
195305,的天天
195322,性的
195355, 皇轩
195372,，美
195377, 新乐
195391,发布日期
195421,入力
195426,農
195452,免责声明
195521, 邦尼
195557,，一个
195581,除此
195597,専門
195600,胃
195615,叫什么
195669,中字
195682,摄影
195687,彩注册
195696,，不过
195698,裕
195729,句话
195750,护理
195762,快捷
195779,涓
195781,六码
195798,沪
195801,年間
195853,教師
195854,刷流水
195877,企鹅
195924,碍
195931,昵称
195936,暨
195976,蒲
196000,收益
196007, 万亚
196011,側
196043,思思
196048,比較
196070, 斗地主
196084,实行
196090,环亚
196092, 湖北
196103, 爱赢
196162,弘
196180,审批
196185,就在
196215, 留
196234,用途
196260,盈彩票
196279,了解到
196288,妓
196289,醉
196300,",久久热"
196364,槽
196403,自主
196445,树林
196469, 天天中彩票彩金
196480,衛
196490,让我
196517, 给
196542, 六和彩
196569, 評
196577, 痞客邦
196632,倡
196638, 天天彩票软件
196652,裏
196662,秘书
196668,出售
196669,收到
196681,纹
196685,多数
196717,残局
196720, 黑人
196723, 盈立
196749,一种
196764,，需要
196780,州扑克
196816,令人
196833, 霍
196834,黄色录像影片
196877, 人人中彩票
196890, 大金
196894, 天天中彩票腾讯
196910, 举报
196913, 希
196917,娱乐彩票注册
196928,模板
196938, 朋克
196997,不仅
197007,設備
197010, 理
197077, 天天中彩票充值
197082,爸爸
197117,卢
197129,容量
197144, 手机版天天中彩票
197176, 万利
197186,上线
197205,扶贫
197265,来也
197279,，例如
197306,拉特
197329,炉
197334,、第
197337, 页面
197352, 湘
197392, 企业
197428, 威尼斯人
197523,護士
197532, 股票
197566,天天中奖
197585,潘
197600,突出
197622,主体
197639, 多乐
197667,橹
197672,丈夫
197727,最新评论
197737,曾道人
197755,越来越
197770,热久久精品
197776,装备
197842,，全国
197886,卧
197930,氧
197932,日に
197936,民主
197980, 众鑫
198037, 店
198038,处分
198041,娱乐平台主管
198105, 天天中彩票不能买
198130, 張
198170,av不卡免费播放
198183, 满堂
198186,总体
198220,公网
198228, 美國
198276,、副
198289, 熊
198302,本金
198332,在线精品视频
198387,、安全
198442, 久久热
198478, 恒一
198488, 横
198524, 亚洲日韩
198526,认识
198540,動畫
198550,傅
198590,不卡无码
198597, 市
198627,欧美日韩
198669,能买吗
198711,据了解
198717,力度
198736,互动
198799,尤物
198872,免费无码
198913, 型
198961,只有精品
198989, 重庆时时彩彩
199053, 北京赛车投注
199070,官网登录
199083,，会
199091,續
199095, 扎
199113,关联
199126, 成都
199143,彩票娱乐注册
199153,三码
199166,娱乐平台开户
199185,　本
199195,　三
199251,、日本
199269,事务
199300,廷
199329, 桂
199333, 佛
199375,呻吟
199410,+天天中彩票
199430,进行了
199471,會員
199502,马克
199505,科学院
199558,博彩公司
199594,昼
199607, 爵士
199612,经典三级
199630, 天天乐购彩票
199649,、名無し
199724, 徐
199736,麻将
199760,微软雅黑
199820,公平
199831,彩票论坛
199857, 活
199866,幸运飞艇
199880,年月
199891,多年
199893,財布
199943,彩票平台开户
199944,旁
199961, 彭
199969,av电影
